***EXPERIMENT PLANS***

plan 1:
	trial 1: page = 3, input = airmouse2
	trial 2: page = 3, input = airmouse2
	trial 3: page = 3, input = airmouse2
	trial 4: page = 3, input = airmouse2
	trial 5: page = 3, input = airmouse2
	trial 6: page = 1, input = airmouse2
	trial 7: page = 1, input = airmouse2
	trial 8: page = 1, input = airmouse2
	trial 9: page = 1, input = airmouse2
	trial 10: page = 1, input = airmouse2
	trial 11: page = 6, input = airmouse2
	trial 12: page = 6, input = airmouse2
	trial 13: page = 6, input = airmouse2
	trial 14: page = 6, input = airmouse2
	trial 15: page = 6, input = airmouse2
	trial 16: page = 4, input = airmouse2
	trial 17: page = 4, input = airmouse2
	trial 18: page = 4, input = airmouse2
	trial 19: page = 4, input = airmouse2
	trial 20: page = 4, input = airmouse2
	trial 21: page = 7, input = airmouse2
	trial 22: page = 7, input = airmouse2
	trial 23: page = 7, input = airmouse2
	trial 24: page = 7, input = airmouse2
	trial 25: page = 7, input = airmouse2
	trial 26: page = 10, input = airmouse2
	trial 27: page = 10, input = airmouse2
	trial 28: page = 10, input = airmouse2
	trial 29: page = 10, input = airmouse2
	trial 30: page = 10, input = airmouse2
	trial 31: page = 2, input = airmouse2
	trial 32: page = 2, input = airmouse2
	trial 33: page = 2, input = airmouse2
	trial 34: page = 2, input = airmouse2
	trial 35: page = 2, input = airmouse2
	trial 36: page = 5, input = airmouse2
	trial 37: page = 5, input = airmouse2
	trial 38: page = 5, input = airmouse2
	trial 39: page = 5, input = airmouse2
	trial 40: page = 5, input = airmouse2
	trial 41: page = 9, input = airmouse2
	trial 42: page = 9, input = airmouse2
	trial 43: page = 9, input = airmouse2
	trial 44: page = 9, input = airmouse2
	trial 45: page = 9, input = airmouse2
	trial 46: page = 8, input = airmouse2
	trial 47: page = 8, input = airmouse2
	trial 48: page = 8, input = airmouse2
	trial 49: page = 8, input = airmouse2
	trial 50: page = 8, input = airmouse2
	trial 51: page = 3, input = mouseringsingle3
	trial 52: page = 3, input = mouseringsingle3
	trial 53: page = 3, input = mouseringsingle3
	trial 54: page = 3, input = mouseringsingle3
	trial 55: page = 3, input = mouseringsingle3
	trial 56: page = 1, input = mouseringsingle3
	trial 57: page = 1, input = mouseringsingle3
	trial 58: page = 1, input = mouseringsingle3
	trial 59: page = 1, input = mouseringsingle3
	trial 60: page = 1, input = mouseringsingle3
	trial 61: page = 6, input = mouseringsingle3
	trial 62: page = 6, input = mouseringsingle3
	trial 63: page = 6, input = mouseringsingle3
	trial 64: page = 6, input = mouseringsingle3
	trial 65: page = 6, input = mouseringsingle3
	trial 66: page = 4, input = mouseringsingle3
	trial 67: page = 4, input = mouseringsingle3
	trial 68: page = 4, input = mouseringsingle3
	trial 69: page = 4, input = mouseringsingle3
	trial 70: page = 4, input = mouseringsingle3
	trial 71: page = 7, input = mouseringsingle3
	trial 72: page = 7, input = mouseringsingle3
	trial 73: page = 7, input = mouseringsingle3
	trial 74: page = 7, input = mouseringsingle3
	trial 75: page = 7, input = mouseringsingle3
	trial 76: page = 10, input = mouseringsingle3
	trial 77: page = 10, input = mouseringsingle3
	trial 78: page = 10, input = mouseringsingle3
	trial 79: page = 10, input = mouseringsingle3
	trial 80: page = 10, input = mouseringsingle3
	trial 81: page = 2, input = mouseringsingle3
	trial 82: page = 2, input = mouseringsingle3
	trial 83: page = 2, input = mouseringsingle3
	trial 84: page = 2, input = mouseringsingle3
	trial 85: page = 2, input = mouseringsingle3
	trial 86: page = 5, input = mouseringsingle3
	trial 87: page = 5, input = mouseringsingle3
	trial 88: page = 5, input = mouseringsingle3
	trial 89: page = 5, input = mouseringsingle3
	trial 90: page = 5, input = mouseringsingle3
	trial 91: page = 9, input = mouseringsingle3
	trial 92: page = 9, input = mouseringsingle3
	trial 93: page = 9, input = mouseringsingle3
	trial 94: page = 9, input = mouseringsingle3
	trial 95: page = 9, input = mouseringsingle3
	trial 96: page = 8, input = mouseringsingle3
	trial 97: page = 8, input = mouseringsingle3
	trial 98: page = 8, input = mouseringsingle3
	trial 99: page = 8, input = mouseringsingle3
	trial 100: page = 8, input = mouseringsingle3
	trial 101: page = 3, input = mouseringdouble4
	trial 102: page = 3, input = mouseringdouble4
	trial 103: page = 3, input = mouseringdouble4
	trial 104: page = 3, input = mouseringdouble4
	trial 105: page = 3, input = mouseringdouble4
	trial 106: page = 1, input = mouseringdouble4
	trial 107: page = 1, input = mouseringdouble4
	trial 108: page = 1, input = mouseringdouble4
	trial 109: page = 1, input = mouseringdouble4
	trial 110: page = 1, input = mouseringdouble4
	trial 111: page = 6, input = mouseringdouble4
	trial 112: page = 6, input = mouseringdouble4
	trial 113: page = 6, input = mouseringdouble4
	trial 114: page = 6, input = mouseringdouble4
	trial 115: page = 6, input = mouseringdouble4
	trial 116: page = 4, input = mouseringdouble4
	trial 117: page = 4, input = mouseringdouble4
	trial 118: page = 4, input = mouseringdouble4
	trial 119: page = 4, input = mouseringdouble4
	trial 120: page = 4, input = mouseringdouble4
	trial 121: page = 7, input = mouseringdouble4
	trial 122: page = 7, input = mouseringdouble4
	trial 123: page = 7, input = mouseringdouble4
	trial 124: page = 7, input = mouseringdouble4
	trial 125: page = 7, input = mouseringdouble4
	trial 126: page = 10, input = mouseringdouble4
	trial 127: page = 10, input = mouseringdouble4
	trial 128: page = 10, input = mouseringdouble4
	trial 129: page = 10, input = mouseringdouble4
	trial 130: page = 10, input = mouseringdouble4
	trial 131: page = 2, input = mouseringdouble4
	trial 132: page = 2, input = mouseringdouble4
	trial 133: page = 2, input = mouseringdouble4
	trial 134: page = 2, input = mouseringdouble4
	trial 135: page = 2, input = mouseringdouble4
	trial 136: page = 5, input = mouseringdouble4
	trial 137: page = 5, input = mouseringdouble4
	trial 138: page = 5, input = mouseringdouble4
	trial 139: page = 5, input = mouseringdouble4
	trial 140: page = 5, input = mouseringdouble4
	trial 141: page = 9, input = mouseringdouble4
	trial 142: page = 9, input = mouseringdouble4
	trial 143: page = 9, input = mouseringdouble4
	trial 144: page = 9, input = mouseringdouble4
	trial 145: page = 9, input = mouseringdouble4
	trial 146: page = 8, input = mouseringdouble4
	trial 147: page = 8, input = mouseringdouble4
	trial 148: page = 8, input = mouseringdouble4
	trial 149: page = 8, input = mouseringdouble4
	trial 150: page = 8, input = mouseringdouble4
	trial 151: page = 3, input = mouseringsingle1
	trial 152: page = 3, input = mouseringsingle1
	trial 153: page = 3, input = mouseringsingle1
	trial 154: page = 3, input = mouseringsingle1
	trial 155: page = 3, input = mouseringsingle1
	trial 156: page = 1, input = mouseringsingle1
	trial 157: page = 1, input = mouseringsingle1
	trial 158: page = 1, input = mouseringsingle1
	trial 159: page = 1, input = mouseringsingle1
	trial 160: page = 1, input = mouseringsingle1
	trial 161: page = 6, input = mouseringsingle1
	trial 162: page = 6, input = mouseringsingle1
	trial 163: page = 6, input = mouseringsingle1
	trial 164: page = 6, input = mouseringsingle1
	trial 165: page = 6, input = mouseringsingle1
	trial 166: page = 4, input = mouseringsingle1
	trial 167: page = 4, input = mouseringsingle1
	trial 168: page = 4, input = mouseringsingle1
	trial 169: page = 4, input = mouseringsingle1
	trial 170: page = 4, input = mouseringsingle1
	trial 171: page = 7, input = mouseringsingle1
	trial 172: page = 7, input = mouseringsingle1
	trial 173: page = 7, input = mouseringsingle1
	trial 174: page = 7, input = mouseringsingle1
	trial 175: page = 7, input = mouseringsingle1
	trial 176: page = 10, input = mouseringsingle1
	trial 177: page = 10, input = mouseringsingle1
	trial 178: page = 10, input = mouseringsingle1
	trial 179: page = 10, input = mouseringsingle1
	trial 180: page = 10, input = mouseringsingle1
	trial 181: page = 2, input = mouseringsingle1
	trial 182: page = 2, input = mouseringsingle1
	trial 183: page = 2, input = mouseringsingle1
	trial 184: page = 2, input = mouseringsingle1
	trial 185: page = 2, input = mouseringsingle1
	trial 186: page = 5, input = mouseringsingle1
	trial 187: page = 5, input = mouseringsingle1
	trial 188: page = 5, input = mouseringsingle1
	trial 189: page = 5, input = mouseringsingle1
	trial 190: page = 5, input = mouseringsingle1
	trial 191: page = 9, input = mouseringsingle1
	trial 192: page = 9, input = mouseringsingle1
	trial 193: page = 9, input = mouseringsingle1
	trial 194: page = 9, input = mouseringsingle1
	trial 195: page = 9, input = mouseringsingle1
	trial 196: page = 8, input = mouseringsingle1
	trial 197: page = 8, input = mouseringsingle1
	trial 198: page = 8, input = mouseringsingle1
	trial 199: page = 8, input = mouseringsingle1
	trial 200: page = 8, input = mouseringsingle1
	trial 201: page = 3, input = mouseringdouble2
	trial 202: page = 3, input = mouseringdouble2
	trial 203: page = 3, input = mouseringdouble2
	trial 204: page = 3, input = mouseringdouble2
	trial 205: page = 3, input = mouseringdouble2
	trial 206: page = 1, input = mouseringdouble2
	trial 207: page = 1, input = mouseringdouble2
	trial 208: page = 1, input = mouseringdouble2
	trial 209: page = 1, input = mouseringdouble2
	trial 210: page = 1, input = mouseringdouble2
	trial 211: page = 6, input = mouseringdouble2
	trial 212: page = 6, input = mouseringdouble2
	trial 213: page = 6, input = mouseringdouble2
	trial 214: page = 6, input = mouseringdouble2
	trial 215: page = 6, input = mouseringdouble2
	trial 216: page = 4, input = mouseringdouble2
	trial 217: page = 4, input = mouseringdouble2
	trial 218: page = 4, input = mouseringdouble2
	trial 219: page = 4, input = mouseringdouble2
	trial 220: page = 4, input = mouseringdouble2
	trial 221: page = 7, input = mouseringdouble2
	trial 222: page = 7, input = mouseringdouble2
	trial 223: page = 7, input = mouseringdouble2
	trial 224: page = 7, input = mouseringdouble2
	trial 225: page = 7, input = mouseringdouble2
	trial 226: page = 10, input = mouseringdouble2
	trial 227: page = 10, input = mouseringdouble2
	trial 228: page = 10, input = mouseringdouble2
	trial 229: page = 10, input = mouseringdouble2
	trial 230: page = 10, input = mouseringdouble2
	trial 231: page = 2, input = mouseringdouble2
	trial 232: page = 2, input = mouseringdouble2
	trial 233: page = 2, input = mouseringdouble2
	trial 234: page = 2, input = mouseringdouble2
	trial 235: page = 2, input = mouseringdouble2
	trial 236: page = 5, input = mouseringdouble2
	trial 237: page = 5, input = mouseringdouble2
	trial 238: page = 5, input = mouseringdouble2
	trial 239: page = 5, input = mouseringdouble2
	trial 240: page = 5, input = mouseringdouble2
	trial 241: page = 9, input = mouseringdouble2
	trial 242: page = 9, input = mouseringdouble2
	trial 243: page = 9, input = mouseringdouble2
	trial 244: page = 9, input = mouseringdouble2
	trial 245: page = 9, input = mouseringdouble2
	trial 246: page = 8, input = mouseringdouble2
	trial 247: page = 8, input = mouseringdouble2
	trial 248: page = 8, input = mouseringdouble2
	trial 249: page = 8, input = mouseringdouble2
	trial 250: page = 8, input = mouseringdouble2
	trial 251: page = 3, input = mouseringdouble3
	trial 252: page = 3, input = mouseringdouble3
	trial 253: page = 3, input = mouseringdouble3
	trial 254: page = 3, input = mouseringdouble3
	trial 255: page = 3, input = mouseringdouble3
	trial 256: page = 1, input = mouseringdouble3
	trial 257: page = 1, input = mouseringdouble3
	trial 258: page = 1, input = mouseringdouble3
	trial 259: page = 1, input = mouseringdouble3
	trial 260: page = 1, input = mouseringdouble3
	trial 261: page = 6, input = mouseringdouble3
	trial 262: page = 6, input = mouseringdouble3
	trial 263: page = 6, input = mouseringdouble3
	trial 264: page = 6, input = mouseringdouble3
	trial 265: page = 6, input = mouseringdouble3
	trial 266: page = 4, input = mouseringdouble3
	trial 267: page = 4, input = mouseringdouble3
	trial 268: page = 4, input = mouseringdouble3
	trial 269: page = 4, input = mouseringdouble3
	trial 270: page = 4, input = mouseringdouble3
	trial 271: page = 7, input = mouseringdouble3
	trial 272: page = 7, input = mouseringdouble3
	trial 273: page = 7, input = mouseringdouble3
	trial 274: page = 7, input = mouseringdouble3
	trial 275: page = 7, input = mouseringdouble3
	trial 276: page = 10, input = mouseringdouble3
	trial 277: page = 10, input = mouseringdouble3
	trial 278: page = 10, input = mouseringdouble3
	trial 279: page = 10, input = mouseringdouble3
	trial 280: page = 10, input = mouseringdouble3
	trial 281: page = 2, input = mouseringdouble3
	trial 282: page = 2, input = mouseringdouble3
	trial 283: page = 2, input = mouseringdouble3
	trial 284: page = 2, input = mouseringdouble3
	trial 285: page = 2, input = mouseringdouble3
	trial 286: page = 5, input = mouseringdouble3
	trial 287: page = 5, input = mouseringdouble3
	trial 288: page = 5, input = mouseringdouble3
	trial 289: page = 5, input = mouseringdouble3
	trial 290: page = 5, input = mouseringdouble3
	trial 291: page = 9, input = mouseringdouble3
	trial 292: page = 9, input = mouseringdouble3
	trial 293: page = 9, input = mouseringdouble3
	trial 294: page = 9, input = mouseringdouble3
	trial 295: page = 9, input = mouseringdouble3
	trial 296: page = 8, input = mouseringdouble3
	trial 297: page = 8, input = mouseringdouble3
	trial 298: page = 8, input = mouseringdouble3
	trial 299: page = 8, input = mouseringdouble3
	trial 300: page = 8, input = mouseringdouble3
	trial 301: page = 3, input = mouseringdouble1
	trial 302: page = 3, input = mouseringdouble1
	trial 303: page = 3, input = mouseringdouble1
	trial 304: page = 3, input = mouseringdouble1
	trial 305: page = 3, input = mouseringdouble1
	trial 306: page = 1, input = mouseringdouble1
	trial 307: page = 1, input = mouseringdouble1
	trial 308: page = 1, input = mouseringdouble1
	trial 309: page = 1, input = mouseringdouble1
	trial 310: page = 1, input = mouseringdouble1
	trial 311: page = 6, input = mouseringdouble1
	trial 312: page = 6, input = mouseringdouble1
	trial 313: page = 6, input = mouseringdouble1
	trial 314: page = 6, input = mouseringdouble1
	trial 315: page = 6, input = mouseringdouble1
	trial 316: page = 4, input = mouseringdouble1
	trial 317: page = 4, input = mouseringdouble1
	trial 318: page = 4, input = mouseringdouble1
	trial 319: page = 4, input = mouseringdouble1
	trial 320: page = 4, input = mouseringdouble1
	trial 321: page = 7, input = mouseringdouble1
	trial 322: page = 7, input = mouseringdouble1
	trial 323: page = 7, input = mouseringdouble1
	trial 324: page = 7, input = mouseringdouble1
	trial 325: page = 7, input = mouseringdouble1
	trial 326: page = 10, input = mouseringdouble1
	trial 327: page = 10, input = mouseringdouble1
	trial 328: page = 10, input = mouseringdouble1
	trial 329: page = 10, input = mouseringdouble1
	trial 330: page = 10, input = mouseringdouble1
	trial 331: page = 2, input = mouseringdouble1
	trial 332: page = 2, input = mouseringdouble1
	trial 333: page = 2, input = mouseringdouble1
	trial 334: page = 2, input = mouseringdouble1
	trial 335: page = 2, input = mouseringdouble1
	trial 336: page = 5, input = mouseringdouble1
	trial 337: page = 5, input = mouseringdouble1
	trial 338: page = 5, input = mouseringdouble1
	trial 339: page = 5, input = mouseringdouble1
	trial 340: page = 5, input = mouseringdouble1
	trial 341: page = 9, input = mouseringdouble1
	trial 342: page = 9, input = mouseringdouble1
	trial 343: page = 9, input = mouseringdouble1
	trial 344: page = 9, input = mouseringdouble1
	trial 345: page = 9, input = mouseringdouble1
	trial 346: page = 8, input = mouseringdouble1
	trial 347: page = 8, input = mouseringdouble1
	trial 348: page = 8, input = mouseringdouble1
	trial 349: page = 8, input = mouseringdouble1
	trial 350: page = 8, input = mouseringdouble1
	trial 351: page = 3, input = mouseringsingle2
	trial 352: page = 3, input = mouseringsingle2
	trial 353: page = 3, input = mouseringsingle2
	trial 354: page = 3, input = mouseringsingle2
	trial 355: page = 3, input = mouseringsingle2
	trial 356: page = 1, input = mouseringsingle2
	trial 357: page = 1, input = mouseringsingle2
	trial 358: page = 1, input = mouseringsingle2
	trial 359: page = 1, input = mouseringsingle2
	trial 360: page = 1, input = mouseringsingle2
	trial 361: page = 6, input = mouseringsingle2
	trial 362: page = 6, input = mouseringsingle2
	trial 363: page = 6, input = mouseringsingle2
	trial 364: page = 6, input = mouseringsingle2
	trial 365: page = 6, input = mouseringsingle2
	trial 366: page = 4, input = mouseringsingle2
	trial 367: page = 4, input = mouseringsingle2
	trial 368: page = 4, input = mouseringsingle2
	trial 369: page = 4, input = mouseringsingle2
	trial 370: page = 4, input = mouseringsingle2
	trial 371: page = 7, input = mouseringsingle2
	trial 372: page = 7, input = mouseringsingle2
	trial 373: page = 7, input = mouseringsingle2
	trial 374: page = 7, input = mouseringsingle2
	trial 375: page = 7, input = mouseringsingle2
	trial 376: page = 10, input = mouseringsingle2
	trial 377: page = 10, input = mouseringsingle2
	trial 378: page = 10, input = mouseringsingle2
	trial 379: page = 10, input = mouseringsingle2
	trial 380: page = 10, input = mouseringsingle2
	trial 381: page = 2, input = mouseringsingle2
	trial 382: page = 2, input = mouseringsingle2
	trial 383: page = 2, input = mouseringsingle2
	trial 384: page = 2, input = mouseringsingle2
	trial 385: page = 2, input = mouseringsingle2
	trial 386: page = 5, input = mouseringsingle2
	trial 387: page = 5, input = mouseringsingle2
	trial 388: page = 5, input = mouseringsingle2
	trial 389: page = 5, input = mouseringsingle2
	trial 390: page = 5, input = mouseringsingle2
	trial 391: page = 9, input = mouseringsingle2
	trial 392: page = 9, input = mouseringsingle2
	trial 393: page = 9, input = mouseringsingle2
	trial 394: page = 9, input = mouseringsingle2
	trial 395: page = 9, input = mouseringsingle2
	trial 396: page = 8, input = mouseringsingle2
	trial 397: page = 8, input = mouseringsingle2
	trial 398: page = 8, input = mouseringsingle2
	trial 399: page = 8, input = mouseringsingle2
	trial 400: page = 8, input = mouseringsingle2
	trial 401: page = 3, input = touchpad1
	trial 402: page = 3, input = touchpad1
	trial 403: page = 3, input = touchpad1
	trial 404: page = 3, input = touchpad1
	trial 405: page = 3, input = touchpad1
	trial 406: page = 1, input = touchpad1
	trial 407: page = 1, input = touchpad1
	trial 408: page = 1, input = touchpad1
	trial 409: page = 1, input = touchpad1
	trial 410: page = 1, input = touchpad1
	trial 411: page = 6, input = touchpad1
	trial 412: page = 6, input = touchpad1
	trial 413: page = 6, input = touchpad1
	trial 414: page = 6, input = touchpad1
	trial 415: page = 6, input = touchpad1
	trial 416: page = 4, input = touchpad1
	trial 417: page = 4, input = touchpad1
	trial 418: page = 4, input = touchpad1
	trial 419: page = 4, input = touchpad1
	trial 420: page = 4, input = touchpad1
	trial 421: page = 7, input = touchpad1
	trial 422: page = 7, input = touchpad1
	trial 423: page = 7, input = touchpad1
	trial 424: page = 7, input = touchpad1
	trial 425: page = 7, input = touchpad1
	trial 426: page = 10, input = touchpad1
	trial 427: page = 10, input = touchpad1
	trial 428: page = 10, input = touchpad1
	trial 429: page = 10, input = touchpad1
	trial 430: page = 10, input = touchpad1
	trial 431: page = 2, input = touchpad1
	trial 432: page = 2, input = touchpad1
	trial 433: page = 2, input = touchpad1
	trial 434: page = 2, input = touchpad1
	trial 435: page = 2, input = touchpad1
	trial 436: page = 5, input = touchpad1
	trial 437: page = 5, input = touchpad1
	trial 438: page = 5, input = touchpad1
	trial 439: page = 5, input = touchpad1
	trial 440: page = 5, input = touchpad1
	trial 441: page = 9, input = touchpad1
	trial 442: page = 9, input = touchpad1
	trial 443: page = 9, input = touchpad1
	trial 444: page = 9, input = touchpad1
	trial 445: page = 9, input = touchpad1
	trial 446: page = 8, input = touchpad1
	trial 447: page = 8, input = touchpad1
	trial 448: page = 8, input = touchpad1
	trial 449: page = 8, input = touchpad1
	trial 450: page = 8, input = touchpad1
	trial 451: page = 3, input = touchpad2
	trial 452: page = 3, input = touchpad2
	trial 453: page = 3, input = touchpad2
	trial 454: page = 3, input = touchpad2
	trial 455: page = 3, input = touchpad2
	trial 456: page = 1, input = touchpad2
	trial 457: page = 1, input = touchpad2
	trial 458: page = 1, input = touchpad2
	trial 459: page = 1, input = touchpad2
	trial 460: page = 1, input = touchpad2
	trial 461: page = 6, input = touchpad2
	trial 462: page = 6, input = touchpad2
	trial 463: page = 6, input = touchpad2
	trial 464: page = 6, input = touchpad2
	trial 465: page = 6, input = touchpad2
	trial 466: page = 4, input = touchpad2
	trial 467: page = 4, input = touchpad2
	trial 468: page = 4, input = touchpad2
	trial 469: page = 4, input = touchpad2
	trial 470: page = 4, input = touchpad2
	trial 471: page = 7, input = touchpad2
	trial 472: page = 7, input = touchpad2
	trial 473: page = 7, input = touchpad2
	trial 474: page = 7, input = touchpad2
	trial 475: page = 7, input = touchpad2
	trial 476: page = 10, input = touchpad2
	trial 477: page = 10, input = touchpad2
	trial 478: page = 10, input = touchpad2
	trial 479: page = 10, input = touchpad2
	trial 480: page = 10, input = touchpad2
	trial 481: page = 2, input = touchpad2
	trial 482: page = 2, input = touchpad2
	trial 483: page = 2, input = touchpad2
	trial 484: page = 2, input = touchpad2
	trial 485: page = 2, input = touchpad2
	trial 486: page = 5, input = touchpad2
	trial 487: page = 5, input = touchpad2
	trial 488: page = 5, input = touchpad2
	trial 489: page = 5, input = touchpad2
	trial 490: page = 5, input = touchpad2
	trial 491: page = 9, input = touchpad2
	trial 492: page = 9, input = touchpad2
	trial 493: page = 9, input = touchpad2
	trial 494: page = 9, input = touchpad2
	trial 495: page = 9, input = touchpad2
	trial 496: page = 8, input = touchpad2
	trial 497: page = 8, input = touchpad2
	trial 498: page = 8, input = touchpad2
	trial 499: page = 8, input = touchpad2
	trial 500: page = 8, input = touchpad2
	trial 501: page = 3, input = mouseringsingle4
	trial 502: page = 3, input = mouseringsingle4
	trial 503: page = 3, input = mouseringsingle4
	trial 504: page = 3, input = mouseringsingle4
	trial 505: page = 3, input = mouseringsingle4
	trial 506: page = 1, input = mouseringsingle4
	trial 507: page = 1, input = mouseringsingle4
	trial 508: page = 1, input = mouseringsingle4
	trial 509: page = 1, input = mouseringsingle4
	trial 510: page = 1, input = mouseringsingle4
	trial 511: page = 6, input = mouseringsingle4
	trial 512: page = 6, input = mouseringsingle4
	trial 513: page = 6, input = mouseringsingle4
	trial 514: page = 6, input = mouseringsingle4
	trial 515: page = 6, input = mouseringsingle4
	trial 516: page = 4, input = mouseringsingle4
	trial 517: page = 4, input = mouseringsingle4
	trial 518: page = 4, input = mouseringsingle4
	trial 519: page = 4, input = mouseringsingle4
	trial 520: page = 4, input = mouseringsingle4
	trial 521: page = 7, input = mouseringsingle4
	trial 522: page = 7, input = mouseringsingle4
	trial 523: page = 7, input = mouseringsingle4
	trial 524: page = 7, input = mouseringsingle4
	trial 525: page = 7, input = mouseringsingle4
	trial 526: page = 10, input = mouseringsingle4
	trial 527: page = 10, input = mouseringsingle4
	trial 528: page = 10, input = mouseringsingle4
	trial 529: page = 10, input = mouseringsingle4
	trial 530: page = 10, input = mouseringsingle4
	trial 531: page = 2, input = mouseringsingle4
	trial 532: page = 2, input = mouseringsingle4
	trial 533: page = 2, input = mouseringsingle4
	trial 534: page = 2, input = mouseringsingle4
	trial 535: page = 2, input = mouseringsingle4
	trial 536: page = 5, input = mouseringsingle4
	trial 537: page = 5, input = mouseringsingle4
	trial 538: page = 5, input = mouseringsingle4
	trial 539: page = 5, input = mouseringsingle4
	trial 540: page = 5, input = mouseringsingle4
	trial 541: page = 9, input = mouseringsingle4
	trial 542: page = 9, input = mouseringsingle4
	trial 543: page = 9, input = mouseringsingle4
	trial 544: page = 9, input = mouseringsingle4
	trial 545: page = 9, input = mouseringsingle4
	trial 546: page = 8, input = mouseringsingle4
	trial 547: page = 8, input = mouseringsingle4
	trial 548: page = 8, input = mouseringsingle4
	trial 549: page = 8, input = mouseringsingle4
	trial 550: page = 8, input = mouseringsingle4
	trial 551: page = 3, input = airmouse1
	trial 552: page = 3, input = airmouse1
	trial 553: page = 3, input = airmouse1
	trial 554: page = 3, input = airmouse1
	trial 555: page = 3, input = airmouse1
	trial 556: page = 1, input = airmouse1
	trial 557: page = 1, input = airmouse1
	trial 558: page = 1, input = airmouse1
	trial 559: page = 1, input = airmouse1
	trial 560: page = 1, input = airmouse1
	trial 561: page = 6, input = airmouse1
	trial 562: page = 6, input = airmouse1
	trial 563: page = 6, input = airmouse1
	trial 564: page = 6, input = airmouse1
	trial 565: page = 6, input = airmouse1
	trial 566: page = 4, input = airmouse1
	trial 567: page = 4, input = airmouse1
	trial 568: page = 4, input = airmouse1
	trial 569: page = 4, input = airmouse1
	trial 570: page = 4, input = airmouse1
	trial 571: page = 7, input = airmouse1
	trial 572: page = 7, input = airmouse1
	trial 573: page = 7, input = airmouse1
	trial 574: page = 7, input = airmouse1
	trial 575: page = 7, input = airmouse1
	trial 576: page = 10, input = airmouse1
	trial 577: page = 10, input = airmouse1
	trial 578: page = 10, input = airmouse1
	trial 579: page = 10, input = airmouse1
	trial 580: page = 10, input = airmouse1
	trial 581: page = 2, input = airmouse1
	trial 582: page = 2, input = airmouse1
	trial 583: page = 2, input = airmouse1
	trial 584: page = 2, input = airmouse1
	trial 585: page = 2, input = airmouse1
	trial 586: page = 5, input = airmouse1
	trial 587: page = 5, input = airmouse1
	trial 588: page = 5, input = airmouse1
	trial 589: page = 5, input = airmouse1
	trial 590: page = 5, input = airmouse1
	trial 591: page = 9, input = airmouse1
	trial 592: page = 9, input = airmouse1
	trial 593: page = 9, input = airmouse1
	trial 594: page = 9, input = airmouse1
	trial 595: page = 9, input = airmouse1
	trial 596: page = 8, input = airmouse1
	trial 597: page = 8, input = airmouse1
	trial 598: page = 8, input = airmouse1
	trial 599: page = 8, input = airmouse1
	trial 600: page = 8, input = airmouse1
plan 2:
	trial 1: page = 3, input = airmouse2
	trial 2: page = 3, input = airmouse2
	trial 3: page = 3, input = airmouse2
	trial 4: page = 3, input = airmouse2
	trial 5: page = 3, input = airmouse2
	trial 6: page = 1, input = airmouse2
	trial 7: page = 1, input = airmouse2
	trial 8: page = 1, input = airmouse2
	trial 9: page = 1, input = airmouse2
	trial 10: page = 1, input = airmouse2
	trial 11: page = 6, input = airmouse2
	trial 12: page = 6, input = airmouse2
	trial 13: page = 6, input = airmouse2
	trial 14: page = 6, input = airmouse2
	trial 15: page = 6, input = airmouse2
	trial 16: page = 4, input = airmouse2
	trial 17: page = 4, input = airmouse2
	trial 18: page = 4, input = airmouse2
	trial 19: page = 4, input = airmouse2
	trial 20: page = 4, input = airmouse2
	trial 21: page = 7, input = airmouse2
	trial 22: page = 7, input = airmouse2
	trial 23: page = 7, input = airmouse2
	trial 24: page = 7, input = airmouse2
	trial 25: page = 7, input = airmouse2
	trial 26: page = 10, input = airmouse2
	trial 27: page = 10, input = airmouse2
	trial 28: page = 10, input = airmouse2
	trial 29: page = 10, input = airmouse2
	trial 30: page = 10, input = airmouse2
	trial 31: page = 2, input = airmouse2
	trial 32: page = 2, input = airmouse2
	trial 33: page = 2, input = airmouse2
	trial 34: page = 2, input = airmouse2
	trial 35: page = 2, input = airmouse2
	trial 36: page = 5, input = airmouse2
	trial 37: page = 5, input = airmouse2
	trial 38: page = 5, input = airmouse2
	trial 39: page = 5, input = airmouse2
	trial 40: page = 5, input = airmouse2
	trial 41: page = 9, input = airmouse2
	trial 42: page = 9, input = airmouse2
	trial 43: page = 9, input = airmouse2
	trial 44: page = 9, input = airmouse2
	trial 45: page = 9, input = airmouse2
	trial 46: page = 8, input = airmouse2
	trial 47: page = 8, input = airmouse2
	trial 48: page = 8, input = airmouse2
	trial 49: page = 8, input = airmouse2
	trial 50: page = 8, input = airmouse2
	trial 51: page = 3, input = mouseringsingle3
	trial 52: page = 3, input = mouseringsingle3
	trial 53: page = 3, input = mouseringsingle3
	trial 54: page = 3, input = mouseringsingle3
	trial 55: page = 3, input = mouseringsingle3
	trial 56: page = 1, input = mouseringsingle3
	trial 57: page = 1, input = mouseringsingle3
	trial 58: page = 1, input = mouseringsingle3
	trial 59: page = 1, input = mouseringsingle3
	trial 60: page = 1, input = mouseringsingle3
	trial 61: page = 6, input = mouseringsingle3
	trial 62: page = 6, input = mouseringsingle3
	trial 63: page = 6, input = mouseringsingle3
	trial 64: page = 6, input = mouseringsingle3
	trial 65: page = 6, input = mouseringsingle3
	trial 66: page = 4, input = mouseringsingle3
	trial 67: page = 4, input = mouseringsingle3
	trial 68: page = 4, input = mouseringsingle3
	trial 69: page = 4, input = mouseringsingle3
	trial 70: page = 4, input = mouseringsingle3
	trial 71: page = 7, input = mouseringsingle3
	trial 72: page = 7, input = mouseringsingle3
	trial 73: page = 7, input = mouseringsingle3
	trial 74: page = 7, input = mouseringsingle3
	trial 75: page = 7, input = mouseringsingle3
	trial 76: page = 10, input = mouseringsingle3
	trial 77: page = 10, input = mouseringsingle3
	trial 78: page = 10, input = mouseringsingle3
	trial 79: page = 10, input = mouseringsingle3
	trial 80: page = 10, input = mouseringsingle3
	trial 81: page = 2, input = mouseringsingle3
	trial 82: page = 2, input = mouseringsingle3
	trial 83: page = 2, input = mouseringsingle3
	trial 84: page = 2, input = mouseringsingle3
	trial 85: page = 2, input = mouseringsingle3
	trial 86: page = 5, input = mouseringsingle3
	trial 87: page = 5, input = mouseringsingle3
	trial 88: page = 5, input = mouseringsingle3
	trial 89: page = 5, input = mouseringsingle3
	trial 90: page = 5, input = mouseringsingle3
	trial 91: page = 9, input = mouseringsingle3
	trial 92: page = 9, input = mouseringsingle3
	trial 93: page = 9, input = mouseringsingle3
	trial 94: page = 9, input = mouseringsingle3
	trial 95: page = 9, input = mouseringsingle3
	trial 96: page = 8, input = mouseringsingle3
	trial 97: page = 8, input = mouseringsingle3
	trial 98: page = 8, input = mouseringsingle3
	trial 99: page = 8, input = mouseringsingle3
	trial 100: page = 8, input = mouseringsingle3
	trial 101: page = 3, input = mouseringdouble1
	trial 102: page = 3, input = mouseringdouble1
	trial 103: page = 3, input = mouseringdouble1
	trial 104: page = 3, input = mouseringdouble1
	trial 105: page = 3, input = mouseringdouble1
	trial 106: page = 1, input = mouseringdouble1
	trial 107: page = 1, input = mouseringdouble1
	trial 108: page = 1, input = mouseringdouble1
	trial 109: page = 1, input = mouseringdouble1
	trial 110: page = 1, input = mouseringdouble1
	trial 111: page = 6, input = mouseringdouble1
	trial 112: page = 6, input = mouseringdouble1
	trial 113: page = 6, input = mouseringdouble1
	trial 114: page = 6, input = mouseringdouble1
	trial 115: page = 6, input = mouseringdouble1
	trial 116: page = 4, input = mouseringdouble1
	trial 117: page = 4, input = mouseringdouble1
	trial 118: page = 4, input = mouseringdouble1
	trial 119: page = 4, input = mouseringdouble1
	trial 120: page = 4, input = mouseringdouble1
	trial 121: page = 7, input = mouseringdouble1
	trial 122: page = 7, input = mouseringdouble1
	trial 123: page = 7, input = mouseringdouble1
	trial 124: page = 7, input = mouseringdouble1
	trial 125: page = 7, input = mouseringdouble1
	trial 126: page = 10, input = mouseringdouble1
	trial 127: page = 10, input = mouseringdouble1
	trial 128: page = 10, input = mouseringdouble1
	trial 129: page = 10, input = mouseringdouble1
	trial 130: page = 10, input = mouseringdouble1
	trial 131: page = 2, input = mouseringdouble1
	trial 132: page = 2, input = mouseringdouble1
	trial 133: page = 2, input = mouseringdouble1
	trial 134: page = 2, input = mouseringdouble1
	trial 135: page = 2, input = mouseringdouble1
	trial 136: page = 5, input = mouseringdouble1
	trial 137: page = 5, input = mouseringdouble1
	trial 138: page = 5, input = mouseringdouble1
	trial 139: page = 5, input = mouseringdouble1
	trial 140: page = 5, input = mouseringdouble1
	trial 141: page = 9, input = mouseringdouble1
	trial 142: page = 9, input = mouseringdouble1
	trial 143: page = 9, input = mouseringdouble1
	trial 144: page = 9, input = mouseringdouble1
	trial 145: page = 9, input = mouseringdouble1
	trial 146: page = 8, input = mouseringdouble1
	trial 147: page = 8, input = mouseringdouble1
	trial 148: page = 8, input = mouseringdouble1
	trial 149: page = 8, input = mouseringdouble1
	trial 150: page = 8, input = mouseringdouble1
	trial 151: page = 3, input = mouseringsingle1
	trial 152: page = 3, input = mouseringsingle1
	trial 153: page = 3, input = mouseringsingle1
	trial 154: page = 3, input = mouseringsingle1
	trial 155: page = 3, input = mouseringsingle1
	trial 156: page = 1, input = mouseringsingle1
	trial 157: page = 1, input = mouseringsingle1
	trial 158: page = 1, input = mouseringsingle1
	trial 159: page = 1, input = mouseringsingle1
	trial 160: page = 1, input = mouseringsingle1
	trial 161: page = 6, input = mouseringsingle1
	trial 162: page = 6, input = mouseringsingle1
	trial 163: page = 6, input = mouseringsingle1
	trial 164: page = 6, input = mouseringsingle1
	trial 165: page = 6, input = mouseringsingle1
	trial 166: page = 4, input = mouseringsingle1
	trial 167: page = 4, input = mouseringsingle1
	trial 168: page = 4, input = mouseringsingle1
	trial 169: page = 4, input = mouseringsingle1
	trial 170: page = 4, input = mouseringsingle1
	trial 171: page = 7, input = mouseringsingle1
	trial 172: page = 7, input = mouseringsingle1
	trial 173: page = 7, input = mouseringsingle1
	trial 174: page = 7, input = mouseringsingle1
	trial 175: page = 7, input = mouseringsingle1
	trial 176: page = 10, input = mouseringsingle1
	trial 177: page = 10, input = mouseringsingle1
	trial 178: page = 10, input = mouseringsingle1
	trial 179: page = 10, input = mouseringsingle1
	trial 180: page = 10, input = mouseringsingle1
	trial 181: page = 2, input = mouseringsingle1
	trial 182: page = 2, input = mouseringsingle1
	trial 183: page = 2, input = mouseringsingle1
	trial 184: page = 2, input = mouseringsingle1
	trial 185: page = 2, input = mouseringsingle1
	trial 186: page = 5, input = mouseringsingle1
	trial 187: page = 5, input = mouseringsingle1
	trial 188: page = 5, input = mouseringsingle1
	trial 189: page = 5, input = mouseringsingle1
	trial 190: page = 5, input = mouseringsingle1
	trial 191: page = 9, input = mouseringsingle1
	trial 192: page = 9, input = mouseringsingle1
	trial 193: page = 9, input = mouseringsingle1
	trial 194: page = 9, input = mouseringsingle1
	trial 195: page = 9, input = mouseringsingle1
	trial 196: page = 8, input = mouseringsingle1
	trial 197: page = 8, input = mouseringsingle1
	trial 198: page = 8, input = mouseringsingle1
	trial 199: page = 8, input = mouseringsingle1
	trial 200: page = 8, input = mouseringsingle1
	trial 201: page = 3, input = touchpad1
	trial 202: page = 3, input = touchpad1
	trial 203: page = 3, input = touchpad1
	trial 204: page = 3, input = touchpad1
	trial 205: page = 3, input = touchpad1
	trial 206: page = 1, input = touchpad1
	trial 207: page = 1, input = touchpad1
	trial 208: page = 1, input = touchpad1
	trial 209: page = 1, input = touchpad1
	trial 210: page = 1, input = touchpad1
	trial 211: page = 6, input = touchpad1
	trial 212: page = 6, input = touchpad1
	trial 213: page = 6, input = touchpad1
	trial 214: page = 6, input = touchpad1
	trial 215: page = 6, input = touchpad1
	trial 216: page = 4, input = touchpad1
	trial 217: page = 4, input = touchpad1
	trial 218: page = 4, input = touchpad1
	trial 219: page = 4, input = touchpad1
	trial 220: page = 4, input = touchpad1
	trial 221: page = 7, input = touchpad1
	trial 222: page = 7, input = touchpad1
	trial 223: page = 7, input = touchpad1
	trial 224: page = 7, input = touchpad1
	trial 225: page = 7, input = touchpad1
	trial 226: page = 10, input = touchpad1
	trial 227: page = 10, input = touchpad1
	trial 228: page = 10, input = touchpad1
	trial 229: page = 10, input = touchpad1
	trial 230: page = 10, input = touchpad1
	trial 231: page = 2, input = touchpad1
	trial 232: page = 2, input = touchpad1
	trial 233: page = 2, input = touchpad1
	trial 234: page = 2, input = touchpad1
	trial 235: page = 2, input = touchpad1
	trial 236: page = 5, input = touchpad1
	trial 237: page = 5, input = touchpad1
	trial 238: page = 5, input = touchpad1
	trial 239: page = 5, input = touchpad1
	trial 240: page = 5, input = touchpad1
	trial 241: page = 9, input = touchpad1
	trial 242: page = 9, input = touchpad1
	trial 243: page = 9, input = touchpad1
	trial 244: page = 9, input = touchpad1
	trial 245: page = 9, input = touchpad1
	trial 246: page = 8, input = touchpad1
	trial 247: page = 8, input = touchpad1
	trial 248: page = 8, input = touchpad1
	trial 249: page = 8, input = touchpad1
	trial 250: page = 8, input = touchpad1
	trial 251: page = 3, input = mouseringdouble2
	trial 252: page = 3, input = mouseringdouble2
	trial 253: page = 3, input = mouseringdouble2
	trial 254: page = 3, input = mouseringdouble2
	trial 255: page = 3, input = mouseringdouble2
	trial 256: page = 1, input = mouseringdouble2
	trial 257: page = 1, input = mouseringdouble2
	trial 258: page = 1, input = mouseringdouble2
	trial 259: page = 1, input = mouseringdouble2
	trial 260: page = 1, input = mouseringdouble2
	trial 261: page = 6, input = mouseringdouble2
	trial 262: page = 6, input = mouseringdouble2
	trial 263: page = 6, input = mouseringdouble2
	trial 264: page = 6, input = mouseringdouble2
	trial 265: page = 6, input = mouseringdouble2
	trial 266: page = 4, input = mouseringdouble2
	trial 267: page = 4, input = mouseringdouble2
	trial 268: page = 4, input = mouseringdouble2
	trial 269: page = 4, input = mouseringdouble2
	trial 270: page = 4, input = mouseringdouble2
	trial 271: page = 7, input = mouseringdouble2
	trial 272: page = 7, input = mouseringdouble2
	trial 273: page = 7, input = mouseringdouble2
	trial 274: page = 7, input = mouseringdouble2
	trial 275: page = 7, input = mouseringdouble2
	trial 276: page = 10, input = mouseringdouble2
	trial 277: page = 10, input = mouseringdouble2
	trial 278: page = 10, input = mouseringdouble2
	trial 279: page = 10, input = mouseringdouble2
	trial 280: page = 10, input = mouseringdouble2
	trial 281: page = 2, input = mouseringdouble2
	trial 282: page = 2, input = mouseringdouble2
	trial 283: page = 2, input = mouseringdouble2
	trial 284: page = 2, input = mouseringdouble2
	trial 285: page = 2, input = mouseringdouble2
	trial 286: page = 5, input = mouseringdouble2
	trial 287: page = 5, input = mouseringdouble2
	trial 288: page = 5, input = mouseringdouble2
	trial 289: page = 5, input = mouseringdouble2
	trial 290: page = 5, input = mouseringdouble2
	trial 291: page = 9, input = mouseringdouble2
	trial 292: page = 9, input = mouseringdouble2
	trial 293: page = 9, input = mouseringdouble2
	trial 294: page = 9, input = mouseringdouble2
	trial 295: page = 9, input = mouseringdouble2
	trial 296: page = 8, input = mouseringdouble2
	trial 297: page = 8, input = mouseringdouble2
	trial 298: page = 8, input = mouseringdouble2
	trial 299: page = 8, input = mouseringdouble2
	trial 300: page = 8, input = mouseringdouble2
	trial 301: page = 3, input = touchpad2
	trial 302: page = 3, input = touchpad2
	trial 303: page = 3, input = touchpad2
	trial 304: page = 3, input = touchpad2
	trial 305: page = 3, input = touchpad2
	trial 306: page = 1, input = touchpad2
	trial 307: page = 1, input = touchpad2
	trial 308: page = 1, input = touchpad2
	trial 309: page = 1, input = touchpad2
	trial 310: page = 1, input = touchpad2
	trial 311: page = 6, input = touchpad2
	trial 312: page = 6, input = touchpad2
	trial 313: page = 6, input = touchpad2
	trial 314: page = 6, input = touchpad2
	trial 315: page = 6, input = touchpad2
	trial 316: page = 4, input = touchpad2
	trial 317: page = 4, input = touchpad2
	trial 318: page = 4, input = touchpad2
	trial 319: page = 4, input = touchpad2
	trial 320: page = 4, input = touchpad2
	trial 321: page = 7, input = touchpad2
	trial 322: page = 7, input = touchpad2
	trial 323: page = 7, input = touchpad2
	trial 324: page = 7, input = touchpad2
	trial 325: page = 7, input = touchpad2
	trial 326: page = 10, input = touchpad2
	trial 327: page = 10, input = touchpad2
	trial 328: page = 10, input = touchpad2
	trial 329: page = 10, input = touchpad2
	trial 330: page = 10, input = touchpad2
	trial 331: page = 2, input = touchpad2
	trial 332: page = 2, input = touchpad2
	trial 333: page = 2, input = touchpad2
	trial 334: page = 2, input = touchpad2
	trial 335: page = 2, input = touchpad2
	trial 336: page = 5, input = touchpad2
	trial 337: page = 5, input = touchpad2
	trial 338: page = 5, input = touchpad2
	trial 339: page = 5, input = touchpad2
	trial 340: page = 5, input = touchpad2
	trial 341: page = 9, input = touchpad2
	trial 342: page = 9, input = touchpad2
	trial 343: page = 9, input = touchpad2
	trial 344: page = 9, input = touchpad2
	trial 345: page = 9, input = touchpad2
	trial 346: page = 8, input = touchpad2
	trial 347: page = 8, input = touchpad2
	trial 348: page = 8, input = touchpad2
	trial 349: page = 8, input = touchpad2
	trial 350: page = 8, input = touchpad2
	trial 351: page = 3, input = mouseringdouble4
	trial 352: page = 3, input = mouseringdouble4
	trial 353: page = 3, input = mouseringdouble4
	trial 354: page = 3, input = mouseringdouble4
	trial 355: page = 3, input = mouseringdouble4
	trial 356: page = 1, input = mouseringdouble4
	trial 357: page = 1, input = mouseringdouble4
	trial 358: page = 1, input = mouseringdouble4
	trial 359: page = 1, input = mouseringdouble4
	trial 360: page = 1, input = mouseringdouble4
	trial 361: page = 6, input = mouseringdouble4
	trial 362: page = 6, input = mouseringdouble4
	trial 363: page = 6, input = mouseringdouble4
	trial 364: page = 6, input = mouseringdouble4
	trial 365: page = 6, input = mouseringdouble4
	trial 366: page = 4, input = mouseringdouble4
	trial 367: page = 4, input = mouseringdouble4
	trial 368: page = 4, input = mouseringdouble4
	trial 369: page = 4, input = mouseringdouble4
	trial 370: page = 4, input = mouseringdouble4
	trial 371: page = 7, input = mouseringdouble4
	trial 372: page = 7, input = mouseringdouble4
	trial 373: page = 7, input = mouseringdouble4
	trial 374: page = 7, input = mouseringdouble4
	trial 375: page = 7, input = mouseringdouble4
	trial 376: page = 10, input = mouseringdouble4
	trial 377: page = 10, input = mouseringdouble4
	trial 378: page = 10, input = mouseringdouble4
	trial 379: page = 10, input = mouseringdouble4
	trial 380: page = 10, input = mouseringdouble4
	trial 381: page = 2, input = mouseringdouble4
	trial 382: page = 2, input = mouseringdouble4
	trial 383: page = 2, input = mouseringdouble4
	trial 384: page = 2, input = mouseringdouble4
	trial 385: page = 2, input = mouseringdouble4
	trial 386: page = 5, input = mouseringdouble4
	trial 387: page = 5, input = mouseringdouble4
	trial 388: page = 5, input = mouseringdouble4
	trial 389: page = 5, input = mouseringdouble4
	trial 390: page = 5, input = mouseringdouble4
	trial 391: page = 9, input = mouseringdouble4
	trial 392: page = 9, input = mouseringdouble4
	trial 393: page = 9, input = mouseringdouble4
	trial 394: page = 9, input = mouseringdouble4
	trial 395: page = 9, input = mouseringdouble4
	trial 396: page = 8, input = mouseringdouble4
	trial 397: page = 8, input = mouseringdouble4
	trial 398: page = 8, input = mouseringdouble4
	trial 399: page = 8, input = mouseringdouble4
	trial 400: page = 8, input = mouseringdouble4
	trial 401: page = 3, input = mouseringdouble3
	trial 402: page = 3, input = mouseringdouble3
	trial 403: page = 3, input = mouseringdouble3
	trial 404: page = 3, input = mouseringdouble3
	trial 405: page = 3, input = mouseringdouble3
	trial 406: page = 1, input = mouseringdouble3
	trial 407: page = 1, input = mouseringdouble3
	trial 408: page = 1, input = mouseringdouble3
	trial 409: page = 1, input = mouseringdouble3
	trial 410: page = 1, input = mouseringdouble3
	trial 411: page = 6, input = mouseringdouble3
	trial 412: page = 6, input = mouseringdouble3
	trial 413: page = 6, input = mouseringdouble3
	trial 414: page = 6, input = mouseringdouble3
	trial 415: page = 6, input = mouseringdouble3
	trial 416: page = 4, input = mouseringdouble3
	trial 417: page = 4, input = mouseringdouble3
	trial 418: page = 4, input = mouseringdouble3
	trial 419: page = 4, input = mouseringdouble3
	trial 420: page = 4, input = mouseringdouble3
	trial 421: page = 7, input = mouseringdouble3
	trial 422: page = 7, input = mouseringdouble3
	trial 423: page = 7, input = mouseringdouble3
	trial 424: page = 7, input = mouseringdouble3
	trial 425: page = 7, input = mouseringdouble3
	trial 426: page = 10, input = mouseringdouble3
	trial 427: page = 10, input = mouseringdouble3
	trial 428: page = 10, input = mouseringdouble3
	trial 429: page = 10, input = mouseringdouble3
	trial 430: page = 10, input = mouseringdouble3
	trial 431: page = 2, input = mouseringdouble3
	trial 432: page = 2, input = mouseringdouble3
	trial 433: page = 2, input = mouseringdouble3
	trial 434: page = 2, input = mouseringdouble3
	trial 435: page = 2, input = mouseringdouble3
	trial 436: page = 5, input = mouseringdouble3
	trial 437: page = 5, input = mouseringdouble3
	trial 438: page = 5, input = mouseringdouble3
	trial 439: page = 5, input = mouseringdouble3
	trial 440: page = 5, input = mouseringdouble3
	trial 441: page = 9, input = mouseringdouble3
	trial 442: page = 9, input = mouseringdouble3
	trial 443: page = 9, input = mouseringdouble3
	trial 444: page = 9, input = mouseringdouble3
	trial 445: page = 9, input = mouseringdouble3
	trial 446: page = 8, input = mouseringdouble3
	trial 447: page = 8, input = mouseringdouble3
	trial 448: page = 8, input = mouseringdouble3
	trial 449: page = 8, input = mouseringdouble3
	trial 450: page = 8, input = mouseringdouble3
	trial 451: page = 3, input = mouseringsingle4
	trial 452: page = 3, input = mouseringsingle4
	trial 453: page = 3, input = mouseringsingle4
	trial 454: page = 3, input = mouseringsingle4
	trial 455: page = 3, input = mouseringsingle4
	trial 456: page = 1, input = mouseringsingle4
	trial 457: page = 1, input = mouseringsingle4
	trial 458: page = 1, input = mouseringsingle4
	trial 459: page = 1, input = mouseringsingle4
	trial 460: page = 1, input = mouseringsingle4
	trial 461: page = 6, input = mouseringsingle4
	trial 462: page = 6, input = mouseringsingle4
	trial 463: page = 6, input = mouseringsingle4
	trial 464: page = 6, input = mouseringsingle4
	trial 465: page = 6, input = mouseringsingle4
	trial 466: page = 4, input = mouseringsingle4
	trial 467: page = 4, input = mouseringsingle4
	trial 468: page = 4, input = mouseringsingle4
	trial 469: page = 4, input = mouseringsingle4
	trial 470: page = 4, input = mouseringsingle4
	trial 471: page = 7, input = mouseringsingle4
	trial 472: page = 7, input = mouseringsingle4
	trial 473: page = 7, input = mouseringsingle4
	trial 474: page = 7, input = mouseringsingle4
	trial 475: page = 7, input = mouseringsingle4
	trial 476: page = 10, input = mouseringsingle4
	trial 477: page = 10, input = mouseringsingle4
	trial 478: page = 10, input = mouseringsingle4
	trial 479: page = 10, input = mouseringsingle4
	trial 480: page = 10, input = mouseringsingle4
	trial 481: page = 2, input = mouseringsingle4
	trial 482: page = 2, input = mouseringsingle4
	trial 483: page = 2, input = mouseringsingle4
	trial 484: page = 2, input = mouseringsingle4
	trial 485: page = 2, input = mouseringsingle4
	trial 486: page = 5, input = mouseringsingle4
	trial 487: page = 5, input = mouseringsingle4
	trial 488: page = 5, input = mouseringsingle4
	trial 489: page = 5, input = mouseringsingle4
	trial 490: page = 5, input = mouseringsingle4
	trial 491: page = 9, input = mouseringsingle4
	trial 492: page = 9, input = mouseringsingle4
	trial 493: page = 9, input = mouseringsingle4
	trial 494: page = 9, input = mouseringsingle4
	trial 495: page = 9, input = mouseringsingle4
	trial 496: page = 8, input = mouseringsingle4
	trial 497: page = 8, input = mouseringsingle4
	trial 498: page = 8, input = mouseringsingle4
	trial 499: page = 8, input = mouseringsingle4
	trial 500: page = 8, input = mouseringsingle4
	trial 501: page = 3, input = airmouse1
	trial 502: page = 3, input = airmouse1
	trial 503: page = 3, input = airmouse1
	trial 504: page = 3, input = airmouse1
	trial 505: page = 3, input = airmouse1
	trial 506: page = 1, input = airmouse1
	trial 507: page = 1, input = airmouse1
	trial 508: page = 1, input = airmouse1
	trial 509: page = 1, input = airmouse1
	trial 510: page = 1, input = airmouse1
	trial 511: page = 6, input = airmouse1
	trial 512: page = 6, input = airmouse1
	trial 513: page = 6, input = airmouse1
	trial 514: page = 6, input = airmouse1
	trial 515: page = 6, input = airmouse1
	trial 516: page = 4, input = airmouse1
	trial 517: page = 4, input = airmouse1
	trial 518: page = 4, input = airmouse1
	trial 519: page = 4, input = airmouse1
	trial 520: page = 4, input = airmouse1
	trial 521: page = 7, input = airmouse1
	trial 522: page = 7, input = airmouse1
	trial 523: page = 7, input = airmouse1
	trial 524: page = 7, input = airmouse1
	trial 525: page = 7, input = airmouse1
	trial 526: page = 10, input = airmouse1
	trial 527: page = 10, input = airmouse1
	trial 528: page = 10, input = airmouse1
	trial 529: page = 10, input = airmouse1
	trial 530: page = 10, input = airmouse1
	trial 531: page = 2, input = airmouse1
	trial 532: page = 2, input = airmouse1
	trial 533: page = 2, input = airmouse1
	trial 534: page = 2, input = airmouse1
	trial 535: page = 2, input = airmouse1
	trial 536: page = 5, input = airmouse1
	trial 537: page = 5, input = airmouse1
	trial 538: page = 5, input = airmouse1
	trial 539: page = 5, input = airmouse1
	trial 540: page = 5, input = airmouse1
	trial 541: page = 9, input = airmouse1
	trial 542: page = 9, input = airmouse1
	trial 543: page = 9, input = airmouse1
	trial 544: page = 9, input = airmouse1
	trial 545: page = 9, input = airmouse1
	trial 546: page = 8, input = airmouse1
	trial 547: page = 8, input = airmouse1
	trial 548: page = 8, input = airmouse1
	trial 549: page = 8, input = airmouse1
	trial 550: page = 8, input = airmouse1
	trial 551: page = 3, input = mouseringsingle2
	trial 552: page = 3, input = mouseringsingle2
	trial 553: page = 3, input = mouseringsingle2
	trial 554: page = 3, input = mouseringsingle2
	trial 555: page = 3, input = mouseringsingle2
	trial 556: page = 1, input = mouseringsingle2
	trial 557: page = 1, input = mouseringsingle2
	trial 558: page = 1, input = mouseringsingle2
	trial 559: page = 1, input = mouseringsingle2
	trial 560: page = 1, input = mouseringsingle2
	trial 561: page = 6, input = mouseringsingle2
	trial 562: page = 6, input = mouseringsingle2
	trial 563: page = 6, input = mouseringsingle2
	trial 564: page = 6, input = mouseringsingle2
	trial 565: page = 6, input = mouseringsingle2
	trial 566: page = 4, input = mouseringsingle2
	trial 567: page = 4, input = mouseringsingle2
	trial 568: page = 4, input = mouseringsingle2
	trial 569: page = 4, input = mouseringsingle2
	trial 570: page = 4, input = mouseringsingle2
	trial 571: page = 7, input = mouseringsingle2
	trial 572: page = 7, input = mouseringsingle2
	trial 573: page = 7, input = mouseringsingle2
	trial 574: page = 7, input = mouseringsingle2
	trial 575: page = 7, input = mouseringsingle2
	trial 576: page = 10, input = mouseringsingle2
	trial 577: page = 10, input = mouseringsingle2
	trial 578: page = 10, input = mouseringsingle2
	trial 579: page = 10, input = mouseringsingle2
	trial 580: page = 10, input = mouseringsingle2
	trial 581: page = 2, input = mouseringsingle2
	trial 582: page = 2, input = mouseringsingle2
	trial 583: page = 2, input = mouseringsingle2
	trial 584: page = 2, input = mouseringsingle2
	trial 585: page = 2, input = mouseringsingle2
	trial 586: page = 5, input = mouseringsingle2
	trial 587: page = 5, input = mouseringsingle2
	trial 588: page = 5, input = mouseringsingle2
	trial 589: page = 5, input = mouseringsingle2
	trial 590: page = 5, input = mouseringsingle2
	trial 591: page = 9, input = mouseringsingle2
	trial 592: page = 9, input = mouseringsingle2
	trial 593: page = 9, input = mouseringsingle2
	trial 594: page = 9, input = mouseringsingle2
	trial 595: page = 9, input = mouseringsingle2
	trial 596: page = 8, input = mouseringsingle2
	trial 597: page = 8, input = mouseringsingle2
	trial 598: page = 8, input = mouseringsingle2
	trial 599: page = 8, input = mouseringsingle2
	trial 600: page = 8, input = mouseringsingle2
plan 3:
	trial 1: page = 3, input = airmouse2
	trial 2: page = 3, input = airmouse2
	trial 3: page = 3, input = airmouse2
	trial 4: page = 3, input = airmouse2
	trial 5: page = 3, input = airmouse2
	trial 6: page = 1, input = airmouse2
	trial 7: page = 1, input = airmouse2
	trial 8: page = 1, input = airmouse2
	trial 9: page = 1, input = airmouse2
	trial 10: page = 1, input = airmouse2
	trial 11: page = 6, input = airmouse2
	trial 12: page = 6, input = airmouse2
	trial 13: page = 6, input = airmouse2
	trial 14: page = 6, input = airmouse2
	trial 15: page = 6, input = airmouse2
	trial 16: page = 4, input = airmouse2
	trial 17: page = 4, input = airmouse2
	trial 18: page = 4, input = airmouse2
	trial 19: page = 4, input = airmouse2
	trial 20: page = 4, input = airmouse2
	trial 21: page = 7, input = airmouse2
	trial 22: page = 7, input = airmouse2
	trial 23: page = 7, input = airmouse2
	trial 24: page = 7, input = airmouse2
	trial 25: page = 7, input = airmouse2
	trial 26: page = 10, input = airmouse2
	trial 27: page = 10, input = airmouse2
	trial 28: page = 10, input = airmouse2
	trial 29: page = 10, input = airmouse2
	trial 30: page = 10, input = airmouse2
	trial 31: page = 2, input = airmouse2
	trial 32: page = 2, input = airmouse2
	trial 33: page = 2, input = airmouse2
	trial 34: page = 2, input = airmouse2
	trial 35: page = 2, input = airmouse2
	trial 36: page = 5, input = airmouse2
	trial 37: page = 5, input = airmouse2
	trial 38: page = 5, input = airmouse2
	trial 39: page = 5, input = airmouse2
	trial 40: page = 5, input = airmouse2
	trial 41: page = 9, input = airmouse2
	trial 42: page = 9, input = airmouse2
	trial 43: page = 9, input = airmouse2
	trial 44: page = 9, input = airmouse2
	trial 45: page = 9, input = airmouse2
	trial 46: page = 8, input = airmouse2
	trial 47: page = 8, input = airmouse2
	trial 48: page = 8, input = airmouse2
	trial 49: page = 8, input = airmouse2
	trial 50: page = 8, input = airmouse2
	trial 51: page = 3, input = mouseringsingle3
	trial 52: page = 3, input = mouseringsingle3
	trial 53: page = 3, input = mouseringsingle3
	trial 54: page = 3, input = mouseringsingle3
	trial 55: page = 3, input = mouseringsingle3
	trial 56: page = 1, input = mouseringsingle3
	trial 57: page = 1, input = mouseringsingle3
	trial 58: page = 1, input = mouseringsingle3
	trial 59: page = 1, input = mouseringsingle3
	trial 60: page = 1, input = mouseringsingle3
	trial 61: page = 6, input = mouseringsingle3
	trial 62: page = 6, input = mouseringsingle3
	trial 63: page = 6, input = mouseringsingle3
	trial 64: page = 6, input = mouseringsingle3
	trial 65: page = 6, input = mouseringsingle3
	trial 66: page = 4, input = mouseringsingle3
	trial 67: page = 4, input = mouseringsingle3
	trial 68: page = 4, input = mouseringsingle3
	trial 69: page = 4, input = mouseringsingle3
	trial 70: page = 4, input = mouseringsingle3
	trial 71: page = 7, input = mouseringsingle3
	trial 72: page = 7, input = mouseringsingle3
	trial 73: page = 7, input = mouseringsingle3
	trial 74: page = 7, input = mouseringsingle3
	trial 75: page = 7, input = mouseringsingle3
	trial 76: page = 10, input = mouseringsingle3
	trial 77: page = 10, input = mouseringsingle3
	trial 78: page = 10, input = mouseringsingle3
	trial 79: page = 10, input = mouseringsingle3
	trial 80: page = 10, input = mouseringsingle3
	trial 81: page = 2, input = mouseringsingle3
	trial 82: page = 2, input = mouseringsingle3
	trial 83: page = 2, input = mouseringsingle3
	trial 84: page = 2, input = mouseringsingle3
	trial 85: page = 2, input = mouseringsingle3
	trial 86: page = 5, input = mouseringsingle3
	trial 87: page = 5, input = mouseringsingle3
	trial 88: page = 5, input = mouseringsingle3
	trial 89: page = 5, input = mouseringsingle3
	trial 90: page = 5, input = mouseringsingle3
	trial 91: page = 9, input = mouseringsingle3
	trial 92: page = 9, input = mouseringsingle3
	trial 93: page = 9, input = mouseringsingle3
	trial 94: page = 9, input = mouseringsingle3
	trial 95: page = 9, input = mouseringsingle3
	trial 96: page = 8, input = mouseringsingle3
	trial 97: page = 8, input = mouseringsingle3
	trial 98: page = 8, input = mouseringsingle3
	trial 99: page = 8, input = mouseringsingle3
	trial 100: page = 8, input = mouseringsingle3
	trial 101: page = 3, input = mouseringdouble1
	trial 102: page = 3, input = mouseringdouble1
	trial 103: page = 3, input = mouseringdouble1
	trial 104: page = 3, input = mouseringdouble1
	trial 105: page = 3, input = mouseringdouble1
	trial 106: page = 1, input = mouseringdouble1
	trial 107: page = 1, input = mouseringdouble1
	trial 108: page = 1, input = mouseringdouble1
	trial 109: page = 1, input = mouseringdouble1
	trial 110: page = 1, input = mouseringdouble1
	trial 111: page = 6, input = mouseringdouble1
	trial 112: page = 6, input = mouseringdouble1
	trial 113: page = 6, input = mouseringdouble1
	trial 114: page = 6, input = mouseringdouble1
	trial 115: page = 6, input = mouseringdouble1
	trial 116: page = 4, input = mouseringdouble1
	trial 117: page = 4, input = mouseringdouble1
	trial 118: page = 4, input = mouseringdouble1
	trial 119: page = 4, input = mouseringdouble1
	trial 120: page = 4, input = mouseringdouble1
	trial 121: page = 7, input = mouseringdouble1
	trial 122: page = 7, input = mouseringdouble1
	trial 123: page = 7, input = mouseringdouble1
	trial 124: page = 7, input = mouseringdouble1
	trial 125: page = 7, input = mouseringdouble1
	trial 126: page = 10, input = mouseringdouble1
	trial 127: page = 10, input = mouseringdouble1
	trial 128: page = 10, input = mouseringdouble1
	trial 129: page = 10, input = mouseringdouble1
	trial 130: page = 10, input = mouseringdouble1
	trial 131: page = 2, input = mouseringdouble1
	trial 132: page = 2, input = mouseringdouble1
	trial 133: page = 2, input = mouseringdouble1
	trial 134: page = 2, input = mouseringdouble1
	trial 135: page = 2, input = mouseringdouble1
	trial 136: page = 5, input = mouseringdouble1
	trial 137: page = 5, input = mouseringdouble1
	trial 138: page = 5, input = mouseringdouble1
	trial 139: page = 5, input = mouseringdouble1
	trial 140: page = 5, input = mouseringdouble1
	trial 141: page = 9, input = mouseringdouble1
	trial 142: page = 9, input = mouseringdouble1
	trial 143: page = 9, input = mouseringdouble1
	trial 144: page = 9, input = mouseringdouble1
	trial 145: page = 9, input = mouseringdouble1
	trial 146: page = 8, input = mouseringdouble1
	trial 147: page = 8, input = mouseringdouble1
	trial 148: page = 8, input = mouseringdouble1
	trial 149: page = 8, input = mouseringdouble1
	trial 150: page = 8, input = mouseringdouble1
	trial 151: page = 3, input = mouseringsingle1
	trial 152: page = 3, input = mouseringsingle1
	trial 153: page = 3, input = mouseringsingle1
	trial 154: page = 3, input = mouseringsingle1
	trial 155: page = 3, input = mouseringsingle1
	trial 156: page = 1, input = mouseringsingle1
	trial 157: page = 1, input = mouseringsingle1
	trial 158: page = 1, input = mouseringsingle1
	trial 159: page = 1, input = mouseringsingle1
	trial 160: page = 1, input = mouseringsingle1
	trial 161: page = 6, input = mouseringsingle1
	trial 162: page = 6, input = mouseringsingle1
	trial 163: page = 6, input = mouseringsingle1
	trial 164: page = 6, input = mouseringsingle1
	trial 165: page = 6, input = mouseringsingle1
	trial 166: page = 4, input = mouseringsingle1
	trial 167: page = 4, input = mouseringsingle1
	trial 168: page = 4, input = mouseringsingle1
	trial 169: page = 4, input = mouseringsingle1
	trial 170: page = 4, input = mouseringsingle1
	trial 171: page = 7, input = mouseringsingle1
	trial 172: page = 7, input = mouseringsingle1
	trial 173: page = 7, input = mouseringsingle1
	trial 174: page = 7, input = mouseringsingle1
	trial 175: page = 7, input = mouseringsingle1
	trial 176: page = 10, input = mouseringsingle1
	trial 177: page = 10, input = mouseringsingle1
	trial 178: page = 10, input = mouseringsingle1
	trial 179: page = 10, input = mouseringsingle1
	trial 180: page = 10, input = mouseringsingle1
	trial 181: page = 2, input = mouseringsingle1
	trial 182: page = 2, input = mouseringsingle1
	trial 183: page = 2, input = mouseringsingle1
	trial 184: page = 2, input = mouseringsingle1
	trial 185: page = 2, input = mouseringsingle1
	trial 186: page = 5, input = mouseringsingle1
	trial 187: page = 5, input = mouseringsingle1
	trial 188: page = 5, input = mouseringsingle1
	trial 189: page = 5, input = mouseringsingle1
	trial 190: page = 5, input = mouseringsingle1
	trial 191: page = 9, input = mouseringsingle1
	trial 192: page = 9, input = mouseringsingle1
	trial 193: page = 9, input = mouseringsingle1
	trial 194: page = 9, input = mouseringsingle1
	trial 195: page = 9, input = mouseringsingle1
	trial 196: page = 8, input = mouseringsingle1
	trial 197: page = 8, input = mouseringsingle1
	trial 198: page = 8, input = mouseringsingle1
	trial 199: page = 8, input = mouseringsingle1
	trial 200: page = 8, input = mouseringsingle1
	trial 201: page = 3, input = touchpad1
	trial 202: page = 3, input = touchpad1
	trial 203: page = 3, input = touchpad1
	trial 204: page = 3, input = touchpad1
	trial 205: page = 3, input = touchpad1
	trial 206: page = 1, input = touchpad1
	trial 207: page = 1, input = touchpad1
	trial 208: page = 1, input = touchpad1
	trial 209: page = 1, input = touchpad1
	trial 210: page = 1, input = touchpad1
	trial 211: page = 6, input = touchpad1
	trial 212: page = 6, input = touchpad1
	trial 213: page = 6, input = touchpad1
	trial 214: page = 6, input = touchpad1
	trial 215: page = 6, input = touchpad1
	trial 216: page = 4, input = touchpad1
	trial 217: page = 4, input = touchpad1
	trial 218: page = 4, input = touchpad1
	trial 219: page = 4, input = touchpad1
	trial 220: page = 4, input = touchpad1
	trial 221: page = 7, input = touchpad1
	trial 222: page = 7, input = touchpad1
	trial 223: page = 7, input = touchpad1
	trial 224: page = 7, input = touchpad1
	trial 225: page = 7, input = touchpad1
	trial 226: page = 10, input = touchpad1
	trial 227: page = 10, input = touchpad1
	trial 228: page = 10, input = touchpad1
	trial 229: page = 10, input = touchpad1
	trial 230: page = 10, input = touchpad1
	trial 231: page = 2, input = touchpad1
	trial 232: page = 2, input = touchpad1
	trial 233: page = 2, input = touchpad1
	trial 234: page = 2, input = touchpad1
	trial 235: page = 2, input = touchpad1
	trial 236: page = 5, input = touchpad1
	trial 237: page = 5, input = touchpad1
	trial 238: page = 5, input = touchpad1
	trial 239: page = 5, input = touchpad1
	trial 240: page = 5, input = touchpad1
	trial 241: page = 9, input = touchpad1
	trial 242: page = 9, input = touchpad1
	trial 243: page = 9, input = touchpad1
	trial 244: page = 9, input = touchpad1
	trial 245: page = 9, input = touchpad1
	trial 246: page = 8, input = touchpad1
	trial 247: page = 8, input = touchpad1
	trial 248: page = 8, input = touchpad1
	trial 249: page = 8, input = touchpad1
	trial 250: page = 8, input = touchpad1
	trial 251: page = 3, input = mouseringdouble2
	trial 252: page = 3, input = mouseringdouble2
	trial 253: page = 3, input = mouseringdouble2
	trial 254: page = 3, input = mouseringdouble2
	trial 255: page = 3, input = mouseringdouble2
	trial 256: page = 1, input = mouseringdouble2
	trial 257: page = 1, input = mouseringdouble2
	trial 258: page = 1, input = mouseringdouble2
	trial 259: page = 1, input = mouseringdouble2
	trial 260: page = 1, input = mouseringdouble2
	trial 261: page = 6, input = mouseringdouble2
	trial 262: page = 6, input = mouseringdouble2
	trial 263: page = 6, input = mouseringdouble2
	trial 264: page = 6, input = mouseringdouble2
	trial 265: page = 6, input = mouseringdouble2
	trial 266: page = 4, input = mouseringdouble2
	trial 267: page = 4, input = mouseringdouble2
	trial 268: page = 4, input = mouseringdouble2
	trial 269: page = 4, input = mouseringdouble2
	trial 270: page = 4, input = mouseringdouble2
	trial 271: page = 7, input = mouseringdouble2
	trial 272: page = 7, input = mouseringdouble2
	trial 273: page = 7, input = mouseringdouble2
	trial 274: page = 7, input = mouseringdouble2
	trial 275: page = 7, input = mouseringdouble2
	trial 276: page = 10, input = mouseringdouble2
	trial 277: page = 10, input = mouseringdouble2
	trial 278: page = 10, input = mouseringdouble2
	trial 279: page = 10, input = mouseringdouble2
	trial 280: page = 10, input = mouseringdouble2
	trial 281: page = 2, input = mouseringdouble2
	trial 282: page = 2, input = mouseringdouble2
	trial 283: page = 2, input = mouseringdouble2
	trial 284: page = 2, input = mouseringdouble2
	trial 285: page = 2, input = mouseringdouble2
	trial 286: page = 5, input = mouseringdouble2
	trial 287: page = 5, input = mouseringdouble2
	trial 288: page = 5, input = mouseringdouble2
	trial 289: page = 5, input = mouseringdouble2
	trial 290: page = 5, input = mouseringdouble2
	trial 291: page = 9, input = mouseringdouble2
	trial 292: page = 9, input = mouseringdouble2
	trial 293: page = 9, input = mouseringdouble2
	trial 294: page = 9, input = mouseringdouble2
	trial 295: page = 9, input = mouseringdouble2
	trial 296: page = 8, input = mouseringdouble2
	trial 297: page = 8, input = mouseringdouble2
	trial 298: page = 8, input = mouseringdouble2
	trial 299: page = 8, input = mouseringdouble2
	trial 300: page = 8, input = mouseringdouble2
	trial 301: page = 3, input = touchpad2
	trial 302: page = 3, input = touchpad2
	trial 303: page = 3, input = touchpad2
	trial 304: page = 3, input = touchpad2
	trial 305: page = 3, input = touchpad2
	trial 306: page = 1, input = touchpad2
	trial 307: page = 1, input = touchpad2
	trial 308: page = 1, input = touchpad2
	trial 309: page = 1, input = touchpad2
	trial 310: page = 1, input = touchpad2
	trial 311: page = 6, input = touchpad2
	trial 312: page = 6, input = touchpad2
	trial 313: page = 6, input = touchpad2
	trial 314: page = 6, input = touchpad2
	trial 315: page = 6, input = touchpad2
	trial 316: page = 4, input = touchpad2
	trial 317: page = 4, input = touchpad2
	trial 318: page = 4, input = touchpad2
	trial 319: page = 4, input = touchpad2
	trial 320: page = 4, input = touchpad2
	trial 321: page = 7, input = touchpad2
	trial 322: page = 7, input = touchpad2
	trial 323: page = 7, input = touchpad2
	trial 324: page = 7, input = touchpad2
	trial 325: page = 7, input = touchpad2
	trial 326: page = 10, input = touchpad2
	trial 327: page = 10, input = touchpad2
	trial 328: page = 10, input = touchpad2
	trial 329: page = 10, input = touchpad2
	trial 330: page = 10, input = touchpad2
	trial 331: page = 2, input = touchpad2
	trial 332: page = 2, input = touchpad2
	trial 333: page = 2, input = touchpad2
	trial 334: page = 2, input = touchpad2
	trial 335: page = 2, input = touchpad2
	trial 336: page = 5, input = touchpad2
	trial 337: page = 5, input = touchpad2
	trial 338: page = 5, input = touchpad2
	trial 339: page = 5, input = touchpad2
	trial 340: page = 5, input = touchpad2
	trial 341: page = 9, input = touchpad2
	trial 342: page = 9, input = touchpad2
	trial 343: page = 9, input = touchpad2
	trial 344: page = 9, input = touchpad2
	trial 345: page = 9, input = touchpad2
	trial 346: page = 8, input = touchpad2
	trial 347: page = 8, input = touchpad2
	trial 348: page = 8, input = touchpad2
	trial 349: page = 8, input = touchpad2
	trial 350: page = 8, input = touchpad2
	trial 351: page = 3, input = mouseringsingle2
	trial 352: page = 3, input = mouseringsingle2
	trial 353: page = 3, input = mouseringsingle2
	trial 354: page = 3, input = mouseringsingle2
	trial 355: page = 3, input = mouseringsingle2
	trial 356: page = 1, input = mouseringsingle2
	trial 357: page = 1, input = mouseringsingle2
	trial 358: page = 1, input = mouseringsingle2
	trial 359: page = 1, input = mouseringsingle2
	trial 360: page = 1, input = mouseringsingle2
	trial 361: page = 6, input = mouseringsingle2
	trial 362: page = 6, input = mouseringsingle2
	trial 363: page = 6, input = mouseringsingle2
	trial 364: page = 6, input = mouseringsingle2
	trial 365: page = 6, input = mouseringsingle2
	trial 366: page = 4, input = mouseringsingle2
	trial 367: page = 4, input = mouseringsingle2
	trial 368: page = 4, input = mouseringsingle2
	trial 369: page = 4, input = mouseringsingle2
	trial 370: page = 4, input = mouseringsingle2
	trial 371: page = 7, input = mouseringsingle2
	trial 372: page = 7, input = mouseringsingle2
	trial 373: page = 7, input = mouseringsingle2
	trial 374: page = 7, input = mouseringsingle2
	trial 375: page = 7, input = mouseringsingle2
	trial 376: page = 10, input = mouseringsingle2
	trial 377: page = 10, input = mouseringsingle2
	trial 378: page = 10, input = mouseringsingle2
	trial 379: page = 10, input = mouseringsingle2
	trial 380: page = 10, input = mouseringsingle2
	trial 381: page = 2, input = mouseringsingle2
	trial 382: page = 2, input = mouseringsingle2
	trial 383: page = 2, input = mouseringsingle2
	trial 384: page = 2, input = mouseringsingle2
	trial 385: page = 2, input = mouseringsingle2
	trial 386: page = 5, input = mouseringsingle2
	trial 387: page = 5, input = mouseringsingle2
	trial 388: page = 5, input = mouseringsingle2
	trial 389: page = 5, input = mouseringsingle2
	trial 390: page = 5, input = mouseringsingle2
	trial 391: page = 9, input = mouseringsingle2
	trial 392: page = 9, input = mouseringsingle2
	trial 393: page = 9, input = mouseringsingle2
	trial 394: page = 9, input = mouseringsingle2
	trial 395: page = 9, input = mouseringsingle2
	trial 396: page = 8, input = mouseringsingle2
	trial 397: page = 8, input = mouseringsingle2
	trial 398: page = 8, input = mouseringsingle2
	trial 399: page = 8, input = mouseringsingle2
	trial 400: page = 8, input = mouseringsingle2
	trial 401: page = 3, input = mouseringdouble3
	trial 402: page = 3, input = mouseringdouble3
	trial 403: page = 3, input = mouseringdouble3
	trial 404: page = 3, input = mouseringdouble3
	trial 405: page = 3, input = mouseringdouble3
	trial 406: page = 1, input = mouseringdouble3
	trial 407: page = 1, input = mouseringdouble3
	trial 408: page = 1, input = mouseringdouble3
	trial 409: page = 1, input = mouseringdouble3
	trial 410: page = 1, input = mouseringdouble3
	trial 411: page = 6, input = mouseringdouble3
	trial 412: page = 6, input = mouseringdouble3
	trial 413: page = 6, input = mouseringdouble3
	trial 414: page = 6, input = mouseringdouble3
	trial 415: page = 6, input = mouseringdouble3
	trial 416: page = 4, input = mouseringdouble3
	trial 417: page = 4, input = mouseringdouble3
	trial 418: page = 4, input = mouseringdouble3
	trial 419: page = 4, input = mouseringdouble3
	trial 420: page = 4, input = mouseringdouble3
	trial 421: page = 7, input = mouseringdouble3
	trial 422: page = 7, input = mouseringdouble3
	trial 423: page = 7, input = mouseringdouble3
	trial 424: page = 7, input = mouseringdouble3
	trial 425: page = 7, input = mouseringdouble3
	trial 426: page = 10, input = mouseringdouble3
	trial 427: page = 10, input = mouseringdouble3
	trial 428: page = 10, input = mouseringdouble3
	trial 429: page = 10, input = mouseringdouble3
	trial 430: page = 10, input = mouseringdouble3
	trial 431: page = 2, input = mouseringdouble3
	trial 432: page = 2, input = mouseringdouble3
	trial 433: page = 2, input = mouseringdouble3
	trial 434: page = 2, input = mouseringdouble3
	trial 435: page = 2, input = mouseringdouble3
	trial 436: page = 5, input = mouseringdouble3
	trial 437: page = 5, input = mouseringdouble3
	trial 438: page = 5, input = mouseringdouble3
	trial 439: page = 5, input = mouseringdouble3
	trial 440: page = 5, input = mouseringdouble3
	trial 441: page = 9, input = mouseringdouble3
	trial 442: page = 9, input = mouseringdouble3
	trial 443: page = 9, input = mouseringdouble3
	trial 444: page = 9, input = mouseringdouble3
	trial 445: page = 9, input = mouseringdouble3
	trial 446: page = 8, input = mouseringdouble3
	trial 447: page = 8, input = mouseringdouble3
	trial 448: page = 8, input = mouseringdouble3
	trial 449: page = 8, input = mouseringdouble3
	trial 450: page = 8, input = mouseringdouble3
	trial 451: page = 3, input = mouseringsingle4
	trial 452: page = 3, input = mouseringsingle4
	trial 453: page = 3, input = mouseringsingle4
	trial 454: page = 3, input = mouseringsingle4
	trial 455: page = 3, input = mouseringsingle4
	trial 456: page = 1, input = mouseringsingle4
	trial 457: page = 1, input = mouseringsingle4
	trial 458: page = 1, input = mouseringsingle4
	trial 459: page = 1, input = mouseringsingle4
	trial 460: page = 1, input = mouseringsingle4
	trial 461: page = 6, input = mouseringsingle4
	trial 462: page = 6, input = mouseringsingle4
	trial 463: page = 6, input = mouseringsingle4
	trial 464: page = 6, input = mouseringsingle4
	trial 465: page = 6, input = mouseringsingle4
	trial 466: page = 4, input = mouseringsingle4
	trial 467: page = 4, input = mouseringsingle4
	trial 468: page = 4, input = mouseringsingle4
	trial 469: page = 4, input = mouseringsingle4
	trial 470: page = 4, input = mouseringsingle4
	trial 471: page = 7, input = mouseringsingle4
	trial 472: page = 7, input = mouseringsingle4
	trial 473: page = 7, input = mouseringsingle4
	trial 474: page = 7, input = mouseringsingle4
	trial 475: page = 7, input = mouseringsingle4
	trial 476: page = 10, input = mouseringsingle4
	trial 477: page = 10, input = mouseringsingle4
	trial 478: page = 10, input = mouseringsingle4
	trial 479: page = 10, input = mouseringsingle4
	trial 480: page = 10, input = mouseringsingle4
	trial 481: page = 2, input = mouseringsingle4
	trial 482: page = 2, input = mouseringsingle4
	trial 483: page = 2, input = mouseringsingle4
	trial 484: page = 2, input = mouseringsingle4
	trial 485: page = 2, input = mouseringsingle4
	trial 486: page = 5, input = mouseringsingle4
	trial 487: page = 5, input = mouseringsingle4
	trial 488: page = 5, input = mouseringsingle4
	trial 489: page = 5, input = mouseringsingle4
	trial 490: page = 5, input = mouseringsingle4
	trial 491: page = 9, input = mouseringsingle4
	trial 492: page = 9, input = mouseringsingle4
	trial 493: page = 9, input = mouseringsingle4
	trial 494: page = 9, input = mouseringsingle4
	trial 495: page = 9, input = mouseringsingle4
	trial 496: page = 8, input = mouseringsingle4
	trial 497: page = 8, input = mouseringsingle4
	trial 498: page = 8, input = mouseringsingle4
	trial 499: page = 8, input = mouseringsingle4
	trial 500: page = 8, input = mouseringsingle4
	trial 501: page = 3, input = mouseringdouble4
	trial 502: page = 3, input = mouseringdouble4
	trial 503: page = 3, input = mouseringdouble4
	trial 504: page = 3, input = mouseringdouble4
	trial 505: page = 3, input = mouseringdouble4
	trial 506: page = 1, input = mouseringdouble4
	trial 507: page = 1, input = mouseringdouble4
	trial 508: page = 1, input = mouseringdouble4
	trial 509: page = 1, input = mouseringdouble4
	trial 510: page = 1, input = mouseringdouble4
	trial 511: page = 6, input = mouseringdouble4
	trial 512: page = 6, input = mouseringdouble4
	trial 513: page = 6, input = mouseringdouble4
	trial 514: page = 6, input = mouseringdouble4
	trial 515: page = 6, input = mouseringdouble4
	trial 516: page = 4, input = mouseringdouble4
	trial 517: page = 4, input = mouseringdouble4
	trial 518: page = 4, input = mouseringdouble4
	trial 519: page = 4, input = mouseringdouble4
	trial 520: page = 4, input = mouseringdouble4
	trial 521: page = 7, input = mouseringdouble4
	trial 522: page = 7, input = mouseringdouble4
	trial 523: page = 7, input = mouseringdouble4
	trial 524: page = 7, input = mouseringdouble4
	trial 525: page = 7, input = mouseringdouble4
	trial 526: page = 10, input = mouseringdouble4
	trial 527: page = 10, input = mouseringdouble4
	trial 528: page = 10, input = mouseringdouble4
	trial 529: page = 10, input = mouseringdouble4
	trial 530: page = 10, input = mouseringdouble4
	trial 531: page = 2, input = mouseringdouble4
	trial 532: page = 2, input = mouseringdouble4
	trial 533: page = 2, input = mouseringdouble4
	trial 534: page = 2, input = mouseringdouble4
	trial 535: page = 2, input = mouseringdouble4
	trial 536: page = 5, input = mouseringdouble4
	trial 537: page = 5, input = mouseringdouble4
	trial 538: page = 5, input = mouseringdouble4
	trial 539: page = 5, input = mouseringdouble4
	trial 540: page = 5, input = mouseringdouble4
	trial 541: page = 9, input = mouseringdouble4
	trial 542: page = 9, input = mouseringdouble4
	trial 543: page = 9, input = mouseringdouble4
	trial 544: page = 9, input = mouseringdouble4
	trial 545: page = 9, input = mouseringdouble4
	trial 546: page = 8, input = mouseringdouble4
	trial 547: page = 8, input = mouseringdouble4
	trial 548: page = 8, input = mouseringdouble4
	trial 549: page = 8, input = mouseringdouble4
	trial 550: page = 8, input = mouseringdouble4
	trial 551: page = 3, input = airmouse1
	trial 552: page = 3, input = airmouse1
	trial 553: page = 3, input = airmouse1
	trial 554: page = 3, input = airmouse1
	trial 555: page = 3, input = airmouse1
	trial 556: page = 1, input = airmouse1
	trial 557: page = 1, input = airmouse1
	trial 558: page = 1, input = airmouse1
	trial 559: page = 1, input = airmouse1
	trial 560: page = 1, input = airmouse1
	trial 561: page = 6, input = airmouse1
	trial 562: page = 6, input = airmouse1
	trial 563: page = 6, input = airmouse1
	trial 564: page = 6, input = airmouse1
	trial 565: page = 6, input = airmouse1
	trial 566: page = 4, input = airmouse1
	trial 567: page = 4, input = airmouse1
	trial 568: page = 4, input = airmouse1
	trial 569: page = 4, input = airmouse1
	trial 570: page = 4, input = airmouse1
	trial 571: page = 7, input = airmouse1
	trial 572: page = 7, input = airmouse1
	trial 573: page = 7, input = airmouse1
	trial 574: page = 7, input = airmouse1
	trial 575: page = 7, input = airmouse1
	trial 576: page = 10, input = airmouse1
	trial 577: page = 10, input = airmouse1
	trial 578: page = 10, input = airmouse1
	trial 579: page = 10, input = airmouse1
	trial 580: page = 10, input = airmouse1
	trial 581: page = 2, input = airmouse1
	trial 582: page = 2, input = airmouse1
	trial 583: page = 2, input = airmouse1
	trial 584: page = 2, input = airmouse1
	trial 585: page = 2, input = airmouse1
	trial 586: page = 5, input = airmouse1
	trial 587: page = 5, input = airmouse1
	trial 588: page = 5, input = airmouse1
	trial 589: page = 5, input = airmouse1
	trial 590: page = 5, input = airmouse1
	trial 591: page = 9, input = airmouse1
	trial 592: page = 9, input = airmouse1
	trial 593: page = 9, input = airmouse1
	trial 594: page = 9, input = airmouse1
	trial 595: page = 9, input = airmouse1
	trial 596: page = 8, input = airmouse1
	trial 597: page = 8, input = airmouse1
	trial 598: page = 8, input = airmouse1
	trial 599: page = 8, input = airmouse1
	trial 600: page = 8, input = airmouse1
plan 4:
	trial 1: page = 3, input = airmouse2
	trial 2: page = 3, input = airmouse2
	trial 3: page = 3, input = airmouse2
	trial 4: page = 3, input = airmouse2
	trial 5: page = 3, input = airmouse2
	trial 6: page = 1, input = airmouse2
	trial 7: page = 1, input = airmouse2
	trial 8: page = 1, input = airmouse2
	trial 9: page = 1, input = airmouse2
	trial 10: page = 1, input = airmouse2
	trial 11: page = 6, input = airmouse2
	trial 12: page = 6, input = airmouse2
	trial 13: page = 6, input = airmouse2
	trial 14: page = 6, input = airmouse2
	trial 15: page = 6, input = airmouse2
	trial 16: page = 4, input = airmouse2
	trial 17: page = 4, input = airmouse2
	trial 18: page = 4, input = airmouse2
	trial 19: page = 4, input = airmouse2
	trial 20: page = 4, input = airmouse2
	trial 21: page = 7, input = airmouse2
	trial 22: page = 7, input = airmouse2
	trial 23: page = 7, input = airmouse2
	trial 24: page = 7, input = airmouse2
	trial 25: page = 7, input = airmouse2
	trial 26: page = 10, input = airmouse2
	trial 27: page = 10, input = airmouse2
	trial 28: page = 10, input = airmouse2
	trial 29: page = 10, input = airmouse2
	trial 30: page = 10, input = airmouse2
	trial 31: page = 2, input = airmouse2
	trial 32: page = 2, input = airmouse2
	trial 33: page = 2, input = airmouse2
	trial 34: page = 2, input = airmouse2
	trial 35: page = 2, input = airmouse2
	trial 36: page = 5, input = airmouse2
	trial 37: page = 5, input = airmouse2
	trial 38: page = 5, input = airmouse2
	trial 39: page = 5, input = airmouse2
	trial 40: page = 5, input = airmouse2
	trial 41: page = 9, input = airmouse2
	trial 42: page = 9, input = airmouse2
	trial 43: page = 9, input = airmouse2
	trial 44: page = 9, input = airmouse2
	trial 45: page = 9, input = airmouse2
	trial 46: page = 8, input = airmouse2
	trial 47: page = 8, input = airmouse2
	trial 48: page = 8, input = airmouse2
	trial 49: page = 8, input = airmouse2
	trial 50: page = 8, input = airmouse2
	trial 51: page = 3, input = mouseringsingle3
	trial 52: page = 3, input = mouseringsingle3
	trial 53: page = 3, input = mouseringsingle3
	trial 54: page = 3, input = mouseringsingle3
	trial 55: page = 3, input = mouseringsingle3
	trial 56: page = 1, input = mouseringsingle3
	trial 57: page = 1, input = mouseringsingle3
	trial 58: page = 1, input = mouseringsingle3
	trial 59: page = 1, input = mouseringsingle3
	trial 60: page = 1, input = mouseringsingle3
	trial 61: page = 6, input = mouseringsingle3
	trial 62: page = 6, input = mouseringsingle3
	trial 63: page = 6, input = mouseringsingle3
	trial 64: page = 6, input = mouseringsingle3
	trial 65: page = 6, input = mouseringsingle3
	trial 66: page = 4, input = mouseringsingle3
	trial 67: page = 4, input = mouseringsingle3
	trial 68: page = 4, input = mouseringsingle3
	trial 69: page = 4, input = mouseringsingle3
	trial 70: page = 4, input = mouseringsingle3
	trial 71: page = 7, input = mouseringsingle3
	trial 72: page = 7, input = mouseringsingle3
	trial 73: page = 7, input = mouseringsingle3
	trial 74: page = 7, input = mouseringsingle3
	trial 75: page = 7, input = mouseringsingle3
	trial 76: page = 10, input = mouseringsingle3
	trial 77: page = 10, input = mouseringsingle3
	trial 78: page = 10, input = mouseringsingle3
	trial 79: page = 10, input = mouseringsingle3
	trial 80: page = 10, input = mouseringsingle3
	trial 81: page = 2, input = mouseringsingle3
	trial 82: page = 2, input = mouseringsingle3
	trial 83: page = 2, input = mouseringsingle3
	trial 84: page = 2, input = mouseringsingle3
	trial 85: page = 2, input = mouseringsingle3
	trial 86: page = 5, input = mouseringsingle3
	trial 87: page = 5, input = mouseringsingle3
	trial 88: page = 5, input = mouseringsingle3
	trial 89: page = 5, input = mouseringsingle3
	trial 90: page = 5, input = mouseringsingle3
	trial 91: page = 9, input = mouseringsingle3
	trial 92: page = 9, input = mouseringsingle3
	trial 93: page = 9, input = mouseringsingle3
	trial 94: page = 9, input = mouseringsingle3
	trial 95: page = 9, input = mouseringsingle3
	trial 96: page = 8, input = mouseringsingle3
	trial 97: page = 8, input = mouseringsingle3
	trial 98: page = 8, input = mouseringsingle3
	trial 99: page = 8, input = mouseringsingle3
	trial 100: page = 8, input = mouseringsingle3
	trial 101: page = 3, input = mouseringdouble4
	trial 102: page = 3, input = mouseringdouble4
	trial 103: page = 3, input = mouseringdouble4
	trial 104: page = 3, input = mouseringdouble4
	trial 105: page = 3, input = mouseringdouble4
	trial 106: page = 1, input = mouseringdouble4
	trial 107: page = 1, input = mouseringdouble4
	trial 108: page = 1, input = mouseringdouble4
	trial 109: page = 1, input = mouseringdouble4
	trial 110: page = 1, input = mouseringdouble4
	trial 111: page = 6, input = mouseringdouble4
	trial 112: page = 6, input = mouseringdouble4
	trial 113: page = 6, input = mouseringdouble4
	trial 114: page = 6, input = mouseringdouble4
	trial 115: page = 6, input = mouseringdouble4
	trial 116: page = 4, input = mouseringdouble4
	trial 117: page = 4, input = mouseringdouble4
	trial 118: page = 4, input = mouseringdouble4
	trial 119: page = 4, input = mouseringdouble4
	trial 120: page = 4, input = mouseringdouble4
	trial 121: page = 7, input = mouseringdouble4
	trial 122: page = 7, input = mouseringdouble4
	trial 123: page = 7, input = mouseringdouble4
	trial 124: page = 7, input = mouseringdouble4
	trial 125: page = 7, input = mouseringdouble4
	trial 126: page = 10, input = mouseringdouble4
	trial 127: page = 10, input = mouseringdouble4
	trial 128: page = 10, input = mouseringdouble4
	trial 129: page = 10, input = mouseringdouble4
	trial 130: page = 10, input = mouseringdouble4
	trial 131: page = 2, input = mouseringdouble4
	trial 132: page = 2, input = mouseringdouble4
	trial 133: page = 2, input = mouseringdouble4
	trial 134: page = 2, input = mouseringdouble4
	trial 135: page = 2, input = mouseringdouble4
	trial 136: page = 5, input = mouseringdouble4
	trial 137: page = 5, input = mouseringdouble4
	trial 138: page = 5, input = mouseringdouble4
	trial 139: page = 5, input = mouseringdouble4
	trial 140: page = 5, input = mouseringdouble4
	trial 141: page = 9, input = mouseringdouble4
	trial 142: page = 9, input = mouseringdouble4
	trial 143: page = 9, input = mouseringdouble4
	trial 144: page = 9, input = mouseringdouble4
	trial 145: page = 9, input = mouseringdouble4
	trial 146: page = 8, input = mouseringdouble4
	trial 147: page = 8, input = mouseringdouble4
	trial 148: page = 8, input = mouseringdouble4
	trial 149: page = 8, input = mouseringdouble4
	trial 150: page = 8, input = mouseringdouble4
	trial 151: page = 3, input = mouseringsingle1
	trial 152: page = 3, input = mouseringsingle1
	trial 153: page = 3, input = mouseringsingle1
	trial 154: page = 3, input = mouseringsingle1
	trial 155: page = 3, input = mouseringsingle1
	trial 156: page = 1, input = mouseringsingle1
	trial 157: page = 1, input = mouseringsingle1
	trial 158: page = 1, input = mouseringsingle1
	trial 159: page = 1, input = mouseringsingle1
	trial 160: page = 1, input = mouseringsingle1
	trial 161: page = 6, input = mouseringsingle1
	trial 162: page = 6, input = mouseringsingle1
	trial 163: page = 6, input = mouseringsingle1
	trial 164: page = 6, input = mouseringsingle1
	trial 165: page = 6, input = mouseringsingle1
	trial 166: page = 4, input = mouseringsingle1
	trial 167: page = 4, input = mouseringsingle1
	trial 168: page = 4, input = mouseringsingle1
	trial 169: page = 4, input = mouseringsingle1
	trial 170: page = 4, input = mouseringsingle1
	trial 171: page = 7, input = mouseringsingle1
	trial 172: page = 7, input = mouseringsingle1
	trial 173: page = 7, input = mouseringsingle1
	trial 174: page = 7, input = mouseringsingle1
	trial 175: page = 7, input = mouseringsingle1
	trial 176: page = 10, input = mouseringsingle1
	trial 177: page = 10, input = mouseringsingle1
	trial 178: page = 10, input = mouseringsingle1
	trial 179: page = 10, input = mouseringsingle1
	trial 180: page = 10, input = mouseringsingle1
	trial 181: page = 2, input = mouseringsingle1
	trial 182: page = 2, input = mouseringsingle1
	trial 183: page = 2, input = mouseringsingle1
	trial 184: page = 2, input = mouseringsingle1
	trial 185: page = 2, input = mouseringsingle1
	trial 186: page = 5, input = mouseringsingle1
	trial 187: page = 5, input = mouseringsingle1
	trial 188: page = 5, input = mouseringsingle1
	trial 189: page = 5, input = mouseringsingle1
	trial 190: page = 5, input = mouseringsingle1
	trial 191: page = 9, input = mouseringsingle1
	trial 192: page = 9, input = mouseringsingle1
	trial 193: page = 9, input = mouseringsingle1
	trial 194: page = 9, input = mouseringsingle1
	trial 195: page = 9, input = mouseringsingle1
	trial 196: page = 8, input = mouseringsingle1
	trial 197: page = 8, input = mouseringsingle1
	trial 198: page = 8, input = mouseringsingle1
	trial 199: page = 8, input = mouseringsingle1
	trial 200: page = 8, input = mouseringsingle1
	trial 201: page = 3, input = mouseringdouble2
	trial 202: page = 3, input = mouseringdouble2
	trial 203: page = 3, input = mouseringdouble2
	trial 204: page = 3, input = mouseringdouble2
	trial 205: page = 3, input = mouseringdouble2
	trial 206: page = 1, input = mouseringdouble2
	trial 207: page = 1, input = mouseringdouble2
	trial 208: page = 1, input = mouseringdouble2
	trial 209: page = 1, input = mouseringdouble2
	trial 210: page = 1, input = mouseringdouble2
	trial 211: page = 6, input = mouseringdouble2
	trial 212: page = 6, input = mouseringdouble2
	trial 213: page = 6, input = mouseringdouble2
	trial 214: page = 6, input = mouseringdouble2
	trial 215: page = 6, input = mouseringdouble2
	trial 216: page = 4, input = mouseringdouble2
	trial 217: page = 4, input = mouseringdouble2
	trial 218: page = 4, input = mouseringdouble2
	trial 219: page = 4, input = mouseringdouble2
	trial 220: page = 4, input = mouseringdouble2
	trial 221: page = 7, input = mouseringdouble2
	trial 222: page = 7, input = mouseringdouble2
	trial 223: page = 7, input = mouseringdouble2
	trial 224: page = 7, input = mouseringdouble2
	trial 225: page = 7, input = mouseringdouble2
	trial 226: page = 10, input = mouseringdouble2
	trial 227: page = 10, input = mouseringdouble2
	trial 228: page = 10, input = mouseringdouble2
	trial 229: page = 10, input = mouseringdouble2
	trial 230: page = 10, input = mouseringdouble2
	trial 231: page = 2, input = mouseringdouble2
	trial 232: page = 2, input = mouseringdouble2
	trial 233: page = 2, input = mouseringdouble2
	trial 234: page = 2, input = mouseringdouble2
	trial 235: page = 2, input = mouseringdouble2
	trial 236: page = 5, input = mouseringdouble2
	trial 237: page = 5, input = mouseringdouble2
	trial 238: page = 5, input = mouseringdouble2
	trial 239: page = 5, input = mouseringdouble2
	trial 240: page = 5, input = mouseringdouble2
	trial 241: page = 9, input = mouseringdouble2
	trial 242: page = 9, input = mouseringdouble2
	trial 243: page = 9, input = mouseringdouble2
	trial 244: page = 9, input = mouseringdouble2
	trial 245: page = 9, input = mouseringdouble2
	trial 246: page = 8, input = mouseringdouble2
	trial 247: page = 8, input = mouseringdouble2
	trial 248: page = 8, input = mouseringdouble2
	trial 249: page = 8, input = mouseringdouble2
	trial 250: page = 8, input = mouseringdouble2
	trial 251: page = 3, input = mouseringdouble3
	trial 252: page = 3, input = mouseringdouble3
	trial 253: page = 3, input = mouseringdouble3
	trial 254: page = 3, input = mouseringdouble3
	trial 255: page = 3, input = mouseringdouble3
	trial 256: page = 1, input = mouseringdouble3
	trial 257: page = 1, input = mouseringdouble3
	trial 258: page = 1, input = mouseringdouble3
	trial 259: page = 1, input = mouseringdouble3
	trial 260: page = 1, input = mouseringdouble3
	trial 261: page = 6, input = mouseringdouble3
	trial 262: page = 6, input = mouseringdouble3
	trial 263: page = 6, input = mouseringdouble3
	trial 264: page = 6, input = mouseringdouble3
	trial 265: page = 6, input = mouseringdouble3
	trial 266: page = 4, input = mouseringdouble3
	trial 267: page = 4, input = mouseringdouble3
	trial 268: page = 4, input = mouseringdouble3
	trial 269: page = 4, input = mouseringdouble3
	trial 270: page = 4, input = mouseringdouble3
	trial 271: page = 7, input = mouseringdouble3
	trial 272: page = 7, input = mouseringdouble3
	trial 273: page = 7, input = mouseringdouble3
	trial 274: page = 7, input = mouseringdouble3
	trial 275: page = 7, input = mouseringdouble3
	trial 276: page = 10, input = mouseringdouble3
	trial 277: page = 10, input = mouseringdouble3
	trial 278: page = 10, input = mouseringdouble3
	trial 279: page = 10, input = mouseringdouble3
	trial 280: page = 10, input = mouseringdouble3
	trial 281: page = 2, input = mouseringdouble3
	trial 282: page = 2, input = mouseringdouble3
	trial 283: page = 2, input = mouseringdouble3
	trial 284: page = 2, input = mouseringdouble3
	trial 285: page = 2, input = mouseringdouble3
	trial 286: page = 5, input = mouseringdouble3
	trial 287: page = 5, input = mouseringdouble3
	trial 288: page = 5, input = mouseringdouble3
	trial 289: page = 5, input = mouseringdouble3
	trial 290: page = 5, input = mouseringdouble3
	trial 291: page = 9, input = mouseringdouble3
	trial 292: page = 9, input = mouseringdouble3
	trial 293: page = 9, input = mouseringdouble3
	trial 294: page = 9, input = mouseringdouble3
	trial 295: page = 9, input = mouseringdouble3
	trial 296: page = 8, input = mouseringdouble3
	trial 297: page = 8, input = mouseringdouble3
	trial 298: page = 8, input = mouseringdouble3
	trial 299: page = 8, input = mouseringdouble3
	trial 300: page = 8, input = mouseringdouble3
	trial 301: page = 3, input = mouseringsingle2
	trial 302: page = 3, input = mouseringsingle2
	trial 303: page = 3, input = mouseringsingle2
	trial 304: page = 3, input = mouseringsingle2
	trial 305: page = 3, input = mouseringsingle2
	trial 306: page = 1, input = mouseringsingle2
	trial 307: page = 1, input = mouseringsingle2
	trial 308: page = 1, input = mouseringsingle2
	trial 309: page = 1, input = mouseringsingle2
	trial 310: page = 1, input = mouseringsingle2
	trial 311: page = 6, input = mouseringsingle2
	trial 312: page = 6, input = mouseringsingle2
	trial 313: page = 6, input = mouseringsingle2
	trial 314: page = 6, input = mouseringsingle2
	trial 315: page = 6, input = mouseringsingle2
	trial 316: page = 4, input = mouseringsingle2
	trial 317: page = 4, input = mouseringsingle2
	trial 318: page = 4, input = mouseringsingle2
	trial 319: page = 4, input = mouseringsingle2
	trial 320: page = 4, input = mouseringsingle2
	trial 321: page = 7, input = mouseringsingle2
	trial 322: page = 7, input = mouseringsingle2
	trial 323: page = 7, input = mouseringsingle2
	trial 324: page = 7, input = mouseringsingle2
	trial 325: page = 7, input = mouseringsingle2
	trial 326: page = 10, input = mouseringsingle2
	trial 327: page = 10, input = mouseringsingle2
	trial 328: page = 10, input = mouseringsingle2
	trial 329: page = 10, input = mouseringsingle2
	trial 330: page = 10, input = mouseringsingle2
	trial 331: page = 2, input = mouseringsingle2
	trial 332: page = 2, input = mouseringsingle2
	trial 333: page = 2, input = mouseringsingle2
	trial 334: page = 2, input = mouseringsingle2
	trial 335: page = 2, input = mouseringsingle2
	trial 336: page = 5, input = mouseringsingle2
	trial 337: page = 5, input = mouseringsingle2
	trial 338: page = 5, input = mouseringsingle2
	trial 339: page = 5, input = mouseringsingle2
	trial 340: page = 5, input = mouseringsingle2
	trial 341: page = 9, input = mouseringsingle2
	trial 342: page = 9, input = mouseringsingle2
	trial 343: page = 9, input = mouseringsingle2
	trial 344: page = 9, input = mouseringsingle2
	trial 345: page = 9, input = mouseringsingle2
	trial 346: page = 8, input = mouseringsingle2
	trial 347: page = 8, input = mouseringsingle2
	trial 348: page = 8, input = mouseringsingle2
	trial 349: page = 8, input = mouseringsingle2
	trial 350: page = 8, input = mouseringsingle2
	trial 351: page = 3, input = mouseringdouble1
	trial 352: page = 3, input = mouseringdouble1
	trial 353: page = 3, input = mouseringdouble1
	trial 354: page = 3, input = mouseringdouble1
	trial 355: page = 3, input = mouseringdouble1
	trial 356: page = 1, input = mouseringdouble1
	trial 357: page = 1, input = mouseringdouble1
	trial 358: page = 1, input = mouseringdouble1
	trial 359: page = 1, input = mouseringdouble1
	trial 360: page = 1, input = mouseringdouble1
	trial 361: page = 6, input = mouseringdouble1
	trial 362: page = 6, input = mouseringdouble1
	trial 363: page = 6, input = mouseringdouble1
	trial 364: page = 6, input = mouseringdouble1
	trial 365: page = 6, input = mouseringdouble1
	trial 366: page = 4, input = mouseringdouble1
	trial 367: page = 4, input = mouseringdouble1
	trial 368: page = 4, input = mouseringdouble1
	trial 369: page = 4, input = mouseringdouble1
	trial 370: page = 4, input = mouseringdouble1
	trial 371: page = 7, input = mouseringdouble1
	trial 372: page = 7, input = mouseringdouble1
	trial 373: page = 7, input = mouseringdouble1
	trial 374: page = 7, input = mouseringdouble1
	trial 375: page = 7, input = mouseringdouble1
	trial 376: page = 10, input = mouseringdouble1
	trial 377: page = 10, input = mouseringdouble1
	trial 378: page = 10, input = mouseringdouble1
	trial 379: page = 10, input = mouseringdouble1
	trial 380: page = 10, input = mouseringdouble1
	trial 381: page = 2, input = mouseringdouble1
	trial 382: page = 2, input = mouseringdouble1
	trial 383: page = 2, input = mouseringdouble1
	trial 384: page = 2, input = mouseringdouble1
	trial 385: page = 2, input = mouseringdouble1
	trial 386: page = 5, input = mouseringdouble1
	trial 387: page = 5, input = mouseringdouble1
	trial 388: page = 5, input = mouseringdouble1
	trial 389: page = 5, input = mouseringdouble1
	trial 390: page = 5, input = mouseringdouble1
	trial 391: page = 9, input = mouseringdouble1
	trial 392: page = 9, input = mouseringdouble1
	trial 393: page = 9, input = mouseringdouble1
	trial 394: page = 9, input = mouseringdouble1
	trial 395: page = 9, input = mouseringdouble1
	trial 396: page = 8, input = mouseringdouble1
	trial 397: page = 8, input = mouseringdouble1
	trial 398: page = 8, input = mouseringdouble1
	trial 399: page = 8, input = mouseringdouble1
	trial 400: page = 8, input = mouseringdouble1
	trial 401: page = 3, input = touchpad1
	trial 402: page = 3, input = touchpad1
	trial 403: page = 3, input = touchpad1
	trial 404: page = 3, input = touchpad1
	trial 405: page = 3, input = touchpad1
	trial 406: page = 1, input = touchpad1
	trial 407: page = 1, input = touchpad1
	trial 408: page = 1, input = touchpad1
	trial 409: page = 1, input = touchpad1
	trial 410: page = 1, input = touchpad1
	trial 411: page = 6, input = touchpad1
	trial 412: page = 6, input = touchpad1
	trial 413: page = 6, input = touchpad1
	trial 414: page = 6, input = touchpad1
	trial 415: page = 6, input = touchpad1
	trial 416: page = 4, input = touchpad1
	trial 417: page = 4, input = touchpad1
	trial 418: page = 4, input = touchpad1
	trial 419: page = 4, input = touchpad1
	trial 420: page = 4, input = touchpad1
	trial 421: page = 7, input = touchpad1
	trial 422: page = 7, input = touchpad1
	trial 423: page = 7, input = touchpad1
	trial 424: page = 7, input = touchpad1
	trial 425: page = 7, input = touchpad1
	trial 426: page = 10, input = touchpad1
	trial 427: page = 10, input = touchpad1
	trial 428: page = 10, input = touchpad1
	trial 429: page = 10, input = touchpad1
	trial 430: page = 10, input = touchpad1
	trial 431: page = 2, input = touchpad1
	trial 432: page = 2, input = touchpad1
	trial 433: page = 2, input = touchpad1
	trial 434: page = 2, input = touchpad1
	trial 435: page = 2, input = touchpad1
	trial 436: page = 5, input = touchpad1
	trial 437: page = 5, input = touchpad1
	trial 438: page = 5, input = touchpad1
	trial 439: page = 5, input = touchpad1
	trial 440: page = 5, input = touchpad1
	trial 441: page = 9, input = touchpad1
	trial 442: page = 9, input = touchpad1
	trial 443: page = 9, input = touchpad1
	trial 444: page = 9, input = touchpad1
	trial 445: page = 9, input = touchpad1
	trial 446: page = 8, input = touchpad1
	trial 447: page = 8, input = touchpad1
	trial 448: page = 8, input = touchpad1
	trial 449: page = 8, input = touchpad1
	trial 450: page = 8, input = touchpad1
	trial 451: page = 3, input = touchpad2
	trial 452: page = 3, input = touchpad2
	trial 453: page = 3, input = touchpad2
	trial 454: page = 3, input = touchpad2
	trial 455: page = 3, input = touchpad2
	trial 456: page = 1, input = touchpad2
	trial 457: page = 1, input = touchpad2
	trial 458: page = 1, input = touchpad2
	trial 459: page = 1, input = touchpad2
	trial 460: page = 1, input = touchpad2
	trial 461: page = 6, input = touchpad2
	trial 462: page = 6, input = touchpad2
	trial 463: page = 6, input = touchpad2
	trial 464: page = 6, input = touchpad2
	trial 465: page = 6, input = touchpad2
	trial 466: page = 4, input = touchpad2
	trial 467: page = 4, input = touchpad2
	trial 468: page = 4, input = touchpad2
	trial 469: page = 4, input = touchpad2
	trial 470: page = 4, input = touchpad2
	trial 471: page = 7, input = touchpad2
	trial 472: page = 7, input = touchpad2
	trial 473: page = 7, input = touchpad2
	trial 474: page = 7, input = touchpad2
	trial 475: page = 7, input = touchpad2
	trial 476: page = 10, input = touchpad2
	trial 477: page = 10, input = touchpad2
	trial 478: page = 10, input = touchpad2
	trial 479: page = 10, input = touchpad2
	trial 480: page = 10, input = touchpad2
	trial 481: page = 2, input = touchpad2
	trial 482: page = 2, input = touchpad2
	trial 483: page = 2, input = touchpad2
	trial 484: page = 2, input = touchpad2
	trial 485: page = 2, input = touchpad2
	trial 486: page = 5, input = touchpad2
	trial 487: page = 5, input = touchpad2
	trial 488: page = 5, input = touchpad2
	trial 489: page = 5, input = touchpad2
	trial 490: page = 5, input = touchpad2
	trial 491: page = 9, input = touchpad2
	trial 492: page = 9, input = touchpad2
	trial 493: page = 9, input = touchpad2
	trial 494: page = 9, input = touchpad2
	trial 495: page = 9, input = touchpad2
	trial 496: page = 8, input = touchpad2
	trial 497: page = 8, input = touchpad2
	trial 498: page = 8, input = touchpad2
	trial 499: page = 8, input = touchpad2
	trial 500: page = 8, input = touchpad2
	trial 501: page = 3, input = airmouse1
	trial 502: page = 3, input = airmouse1
	trial 503: page = 3, input = airmouse1
	trial 504: page = 3, input = airmouse1
	trial 505: page = 3, input = airmouse1
	trial 506: page = 1, input = airmouse1
	trial 507: page = 1, input = airmouse1
	trial 508: page = 1, input = airmouse1
	trial 509: page = 1, input = airmouse1
	trial 510: page = 1, input = airmouse1
	trial 511: page = 6, input = airmouse1
	trial 512: page = 6, input = airmouse1
	trial 513: page = 6, input = airmouse1
	trial 514: page = 6, input = airmouse1
	trial 515: page = 6, input = airmouse1
	trial 516: page = 4, input = airmouse1
	trial 517: page = 4, input = airmouse1
	trial 518: page = 4, input = airmouse1
	trial 519: page = 4, input = airmouse1
	trial 520: page = 4, input = airmouse1
	trial 521: page = 7, input = airmouse1
	trial 522: page = 7, input = airmouse1
	trial 523: page = 7, input = airmouse1
	trial 524: page = 7, input = airmouse1
	trial 525: page = 7, input = airmouse1
	trial 526: page = 10, input = airmouse1
	trial 527: page = 10, input = airmouse1
	trial 528: page = 10, input = airmouse1
	trial 529: page = 10, input = airmouse1
	trial 530: page = 10, input = airmouse1
	trial 531: page = 2, input = airmouse1
	trial 532: page = 2, input = airmouse1
	trial 533: page = 2, input = airmouse1
	trial 534: page = 2, input = airmouse1
	trial 535: page = 2, input = airmouse1
	trial 536: page = 5, input = airmouse1
	trial 537: page = 5, input = airmouse1
	trial 538: page = 5, input = airmouse1
	trial 539: page = 5, input = airmouse1
	trial 540: page = 5, input = airmouse1
	trial 541: page = 9, input = airmouse1
	trial 542: page = 9, input = airmouse1
	trial 543: page = 9, input = airmouse1
	trial 544: page = 9, input = airmouse1
	trial 545: page = 9, input = airmouse1
	trial 546: page = 8, input = airmouse1
	trial 547: page = 8, input = airmouse1
	trial 548: page = 8, input = airmouse1
	trial 549: page = 8, input = airmouse1
	trial 550: page = 8, input = airmouse1
	trial 551: page = 3, input = mouseringsingle4
	trial 552: page = 3, input = mouseringsingle4
	trial 553: page = 3, input = mouseringsingle4
	trial 554: page = 3, input = mouseringsingle4
	trial 555: page = 3, input = mouseringsingle4
	trial 556: page = 1, input = mouseringsingle4
	trial 557: page = 1, input = mouseringsingle4
	trial 558: page = 1, input = mouseringsingle4
	trial 559: page = 1, input = mouseringsingle4
	trial 560: page = 1, input = mouseringsingle4
	trial 561: page = 6, input = mouseringsingle4
	trial 562: page = 6, input = mouseringsingle4
	trial 563: page = 6, input = mouseringsingle4
	trial 564: page = 6, input = mouseringsingle4
	trial 565: page = 6, input = mouseringsingle4
	trial 566: page = 4, input = mouseringsingle4
	trial 567: page = 4, input = mouseringsingle4
	trial 568: page = 4, input = mouseringsingle4
	trial 569: page = 4, input = mouseringsingle4
	trial 570: page = 4, input = mouseringsingle4
	trial 571: page = 7, input = mouseringsingle4
	trial 572: page = 7, input = mouseringsingle4
	trial 573: page = 7, input = mouseringsingle4
	trial 574: page = 7, input = mouseringsingle4
	trial 575: page = 7, input = mouseringsingle4
	trial 576: page = 10, input = mouseringsingle4
	trial 577: page = 10, input = mouseringsingle4
	trial 578: page = 10, input = mouseringsingle4
	trial 579: page = 10, input = mouseringsingle4
	trial 580: page = 10, input = mouseringsingle4
	trial 581: page = 2, input = mouseringsingle4
	trial 582: page = 2, input = mouseringsingle4
	trial 583: page = 2, input = mouseringsingle4
	trial 584: page = 2, input = mouseringsingle4
	trial 585: page = 2, input = mouseringsingle4
	trial 586: page = 5, input = mouseringsingle4
	trial 587: page = 5, input = mouseringsingle4
	trial 588: page = 5, input = mouseringsingle4
	trial 589: page = 5, input = mouseringsingle4
	trial 590: page = 5, input = mouseringsingle4
	trial 591: page = 9, input = mouseringsingle4
	trial 592: page = 9, input = mouseringsingle4
	trial 593: page = 9, input = mouseringsingle4
	trial 594: page = 9, input = mouseringsingle4
	trial 595: page = 9, input = mouseringsingle4
	trial 596: page = 8, input = mouseringsingle4
	trial 597: page = 8, input = mouseringsingle4
	trial 598: page = 8, input = mouseringsingle4
	trial 599: page = 8, input = mouseringsingle4
	trial 600: page = 8, input = mouseringsingle4
plan 5:
	trial 1: page = 3, input = airmouse1
	trial 2: page = 3, input = airmouse1
	trial 3: page = 3, input = airmouse1
	trial 4: page = 3, input = airmouse1
	trial 5: page = 3, input = airmouse1
	trial 6: page = 1, input = airmouse1
	trial 7: page = 1, input = airmouse1
	trial 8: page = 1, input = airmouse1
	trial 9: page = 1, input = airmouse1
	trial 10: page = 1, input = airmouse1
	trial 11: page = 6, input = airmouse1
	trial 12: page = 6, input = airmouse1
	trial 13: page = 6, input = airmouse1
	trial 14: page = 6, input = airmouse1
	trial 15: page = 6, input = airmouse1
	trial 16: page = 4, input = airmouse1
	trial 17: page = 4, input = airmouse1
	trial 18: page = 4, input = airmouse1
	trial 19: page = 4, input = airmouse1
	trial 20: page = 4, input = airmouse1
	trial 21: page = 7, input = airmouse1
	trial 22: page = 7, input = airmouse1
	trial 23: page = 7, input = airmouse1
	trial 24: page = 7, input = airmouse1
	trial 25: page = 7, input = airmouse1
	trial 26: page = 10, input = airmouse1
	trial 27: page = 10, input = airmouse1
	trial 28: page = 10, input = airmouse1
	trial 29: page = 10, input = airmouse1
	trial 30: page = 10, input = airmouse1
	trial 31: page = 2, input = airmouse1
	trial 32: page = 2, input = airmouse1
	trial 33: page = 2, input = airmouse1
	trial 34: page = 2, input = airmouse1
	trial 35: page = 2, input = airmouse1
	trial 36: page = 5, input = airmouse1
	trial 37: page = 5, input = airmouse1
	trial 38: page = 5, input = airmouse1
	trial 39: page = 5, input = airmouse1
	trial 40: page = 5, input = airmouse1
	trial 41: page = 9, input = airmouse1
	trial 42: page = 9, input = airmouse1
	trial 43: page = 9, input = airmouse1
	trial 44: page = 9, input = airmouse1
	trial 45: page = 9, input = airmouse1
	trial 46: page = 8, input = airmouse1
	trial 47: page = 8, input = airmouse1
	trial 48: page = 8, input = airmouse1
	trial 49: page = 8, input = airmouse1
	trial 50: page = 8, input = airmouse1
	trial 51: page = 3, input = mouseringdouble3
	trial 52: page = 3, input = mouseringdouble3
	trial 53: page = 3, input = mouseringdouble3
	trial 54: page = 3, input = mouseringdouble3
	trial 55: page = 3, input = mouseringdouble3
	trial 56: page = 1, input = mouseringdouble3
	trial 57: page = 1, input = mouseringdouble3
	trial 58: page = 1, input = mouseringdouble3
	trial 59: page = 1, input = mouseringdouble3
	trial 60: page = 1, input = mouseringdouble3
	trial 61: page = 6, input = mouseringdouble3
	trial 62: page = 6, input = mouseringdouble3
	trial 63: page = 6, input = mouseringdouble3
	trial 64: page = 6, input = mouseringdouble3
	trial 65: page = 6, input = mouseringdouble3
	trial 66: page = 4, input = mouseringdouble3
	trial 67: page = 4, input = mouseringdouble3
	trial 68: page = 4, input = mouseringdouble3
	trial 69: page = 4, input = mouseringdouble3
	trial 70: page = 4, input = mouseringdouble3
	trial 71: page = 7, input = mouseringdouble3
	trial 72: page = 7, input = mouseringdouble3
	trial 73: page = 7, input = mouseringdouble3
	trial 74: page = 7, input = mouseringdouble3
	trial 75: page = 7, input = mouseringdouble3
	trial 76: page = 10, input = mouseringdouble3
	trial 77: page = 10, input = mouseringdouble3
	trial 78: page = 10, input = mouseringdouble3
	trial 79: page = 10, input = mouseringdouble3
	trial 80: page = 10, input = mouseringdouble3
	trial 81: page = 2, input = mouseringdouble3
	trial 82: page = 2, input = mouseringdouble3
	trial 83: page = 2, input = mouseringdouble3
	trial 84: page = 2, input = mouseringdouble3
	trial 85: page = 2, input = mouseringdouble3
	trial 86: page = 5, input = mouseringdouble3
	trial 87: page = 5, input = mouseringdouble3
	trial 88: page = 5, input = mouseringdouble3
	trial 89: page = 5, input = mouseringdouble3
	trial 90: page = 5, input = mouseringdouble3
	trial 91: page = 9, input = mouseringdouble3
	trial 92: page = 9, input = mouseringdouble3
	trial 93: page = 9, input = mouseringdouble3
	trial 94: page = 9, input = mouseringdouble3
	trial 95: page = 9, input = mouseringdouble3
	trial 96: page = 8, input = mouseringdouble3
	trial 97: page = 8, input = mouseringdouble3
	trial 98: page = 8, input = mouseringdouble3
	trial 99: page = 8, input = mouseringdouble3
	trial 100: page = 8, input = mouseringdouble3
	trial 101: page = 3, input = mouseringsingle1
	trial 102: page = 3, input = mouseringsingle1
	trial 103: page = 3, input = mouseringsingle1
	trial 104: page = 3, input = mouseringsingle1
	trial 105: page = 3, input = mouseringsingle1
	trial 106: page = 1, input = mouseringsingle1
	trial 107: page = 1, input = mouseringsingle1
	trial 108: page = 1, input = mouseringsingle1
	trial 109: page = 1, input = mouseringsingle1
	trial 110: page = 1, input = mouseringsingle1
	trial 111: page = 6, input = mouseringsingle1
	trial 112: page = 6, input = mouseringsingle1
	trial 113: page = 6, input = mouseringsingle1
	trial 114: page = 6, input = mouseringsingle1
	trial 115: page = 6, input = mouseringsingle1
	trial 116: page = 4, input = mouseringsingle1
	trial 117: page = 4, input = mouseringsingle1
	trial 118: page = 4, input = mouseringsingle1
	trial 119: page = 4, input = mouseringsingle1
	trial 120: page = 4, input = mouseringsingle1
	trial 121: page = 7, input = mouseringsingle1
	trial 122: page = 7, input = mouseringsingle1
	trial 123: page = 7, input = mouseringsingle1
	trial 124: page = 7, input = mouseringsingle1
	trial 125: page = 7, input = mouseringsingle1
	trial 126: page = 10, input = mouseringsingle1
	trial 127: page = 10, input = mouseringsingle1
	trial 128: page = 10, input = mouseringsingle1
	trial 129: page = 10, input = mouseringsingle1
	trial 130: page = 10, input = mouseringsingle1
	trial 131: page = 2, input = mouseringsingle1
	trial 132: page = 2, input = mouseringsingle1
	trial 133: page = 2, input = mouseringsingle1
	trial 134: page = 2, input = mouseringsingle1
	trial 135: page = 2, input = mouseringsingle1
	trial 136: page = 5, input = mouseringsingle1
	trial 137: page = 5, input = mouseringsingle1
	trial 138: page = 5, input = mouseringsingle1
	trial 139: page = 5, input = mouseringsingle1
	trial 140: page = 5, input = mouseringsingle1
	trial 141: page = 9, input = mouseringsingle1
	trial 142: page = 9, input = mouseringsingle1
	trial 143: page = 9, input = mouseringsingle1
	trial 144: page = 9, input = mouseringsingle1
	trial 145: page = 9, input = mouseringsingle1
	trial 146: page = 8, input = mouseringsingle1
	trial 147: page = 8, input = mouseringsingle1
	trial 148: page = 8, input = mouseringsingle1
	trial 149: page = 8, input = mouseringsingle1
	trial 150: page = 8, input = mouseringsingle1
	trial 151: page = 3, input = mouseringsingle3
	trial 152: page = 3, input = mouseringsingle3
	trial 153: page = 3, input = mouseringsingle3
	trial 154: page = 3, input = mouseringsingle3
	trial 155: page = 3, input = mouseringsingle3
	trial 156: page = 1, input = mouseringsingle3
	trial 157: page = 1, input = mouseringsingle3
	trial 158: page = 1, input = mouseringsingle3
	trial 159: page = 1, input = mouseringsingle3
	trial 160: page = 1, input = mouseringsingle3
	trial 161: page = 6, input = mouseringsingle3
	trial 162: page = 6, input = mouseringsingle3
	trial 163: page = 6, input = mouseringsingle3
	trial 164: page = 6, input = mouseringsingle3
	trial 165: page = 6, input = mouseringsingle3
	trial 166: page = 4, input = mouseringsingle3
	trial 167: page = 4, input = mouseringsingle3
	trial 168: page = 4, input = mouseringsingle3
	trial 169: page = 4, input = mouseringsingle3
	trial 170: page = 4, input = mouseringsingle3
	trial 171: page = 7, input = mouseringsingle3
	trial 172: page = 7, input = mouseringsingle3
	trial 173: page = 7, input = mouseringsingle3
	trial 174: page = 7, input = mouseringsingle3
	trial 175: page = 7, input = mouseringsingle3
	trial 176: page = 10, input = mouseringsingle3
	trial 177: page = 10, input = mouseringsingle3
	trial 178: page = 10, input = mouseringsingle3
	trial 179: page = 10, input = mouseringsingle3
	trial 180: page = 10, input = mouseringsingle3
	trial 181: page = 2, input = mouseringsingle3
	trial 182: page = 2, input = mouseringsingle3
	trial 183: page = 2, input = mouseringsingle3
	trial 184: page = 2, input = mouseringsingle3
	trial 185: page = 2, input = mouseringsingle3
	trial 186: page = 5, input = mouseringsingle3
	trial 187: page = 5, input = mouseringsingle3
	trial 188: page = 5, input = mouseringsingle3
	trial 189: page = 5, input = mouseringsingle3
	trial 190: page = 5, input = mouseringsingle3
	trial 191: page = 9, input = mouseringsingle3
	trial 192: page = 9, input = mouseringsingle3
	trial 193: page = 9, input = mouseringsingle3
	trial 194: page = 9, input = mouseringsingle3
	trial 195: page = 9, input = mouseringsingle3
	trial 196: page = 8, input = mouseringsingle3
	trial 197: page = 8, input = mouseringsingle3
	trial 198: page = 8, input = mouseringsingle3
	trial 199: page = 8, input = mouseringsingle3
	trial 200: page = 8, input = mouseringsingle3
	trial 201: page = 3, input = airmouse2
	trial 202: page = 3, input = airmouse2
	trial 203: page = 3, input = airmouse2
	trial 204: page = 3, input = airmouse2
	trial 205: page = 3, input = airmouse2
	trial 206: page = 1, input = airmouse2
	trial 207: page = 1, input = airmouse2
	trial 208: page = 1, input = airmouse2
	trial 209: page = 1, input = airmouse2
	trial 210: page = 1, input = airmouse2
	trial 211: page = 6, input = airmouse2
	trial 212: page = 6, input = airmouse2
	trial 213: page = 6, input = airmouse2
	trial 214: page = 6, input = airmouse2
	trial 215: page = 6, input = airmouse2
	trial 216: page = 4, input = airmouse2
	trial 217: page = 4, input = airmouse2
	trial 218: page = 4, input = airmouse2
	trial 219: page = 4, input = airmouse2
	trial 220: page = 4, input = airmouse2
	trial 221: page = 7, input = airmouse2
	trial 222: page = 7, input = airmouse2
	trial 223: page = 7, input = airmouse2
	trial 224: page = 7, input = airmouse2
	trial 225: page = 7, input = airmouse2
	trial 226: page = 10, input = airmouse2
	trial 227: page = 10, input = airmouse2
	trial 228: page = 10, input = airmouse2
	trial 229: page = 10, input = airmouse2
	trial 230: page = 10, input = airmouse2
	trial 231: page = 2, input = airmouse2
	trial 232: page = 2, input = airmouse2
	trial 233: page = 2, input = airmouse2
	trial 234: page = 2, input = airmouse2
	trial 235: page = 2, input = airmouse2
	trial 236: page = 5, input = airmouse2
	trial 237: page = 5, input = airmouse2
	trial 238: page = 5, input = airmouse2
	trial 239: page = 5, input = airmouse2
	trial 240: page = 5, input = airmouse2
	trial 241: page = 9, input = airmouse2
	trial 242: page = 9, input = airmouse2
	trial 243: page = 9, input = airmouse2
	trial 244: page = 9, input = airmouse2
	trial 245: page = 9, input = airmouse2
	trial 246: page = 8, input = airmouse2
	trial 247: page = 8, input = airmouse2
	trial 248: page = 8, input = airmouse2
	trial 249: page = 8, input = airmouse2
	trial 250: page = 8, input = airmouse2
	trial 251: page = 3, input = touchpad1
	trial 252: page = 3, input = touchpad1
	trial 253: page = 3, input = touchpad1
	trial 254: page = 3, input = touchpad1
	trial 255: page = 3, input = touchpad1
	trial 256: page = 1, input = touchpad1
	trial 257: page = 1, input = touchpad1
	trial 258: page = 1, input = touchpad1
	trial 259: page = 1, input = touchpad1
	trial 260: page = 1, input = touchpad1
	trial 261: page = 6, input = touchpad1
	trial 262: page = 6, input = touchpad1
	trial 263: page = 6, input = touchpad1
	trial 264: page = 6, input = touchpad1
	trial 265: page = 6, input = touchpad1
	trial 266: page = 4, input = touchpad1
	trial 267: page = 4, input = touchpad1
	trial 268: page = 4, input = touchpad1
	trial 269: page = 4, input = touchpad1
	trial 270: page = 4, input = touchpad1
	trial 271: page = 7, input = touchpad1
	trial 272: page = 7, input = touchpad1
	trial 273: page = 7, input = touchpad1
	trial 274: page = 7, input = touchpad1
	trial 275: page = 7, input = touchpad1
	trial 276: page = 10, input = touchpad1
	trial 277: page = 10, input = touchpad1
	trial 278: page = 10, input = touchpad1
	trial 279: page = 10, input = touchpad1
	trial 280: page = 10, input = touchpad1
	trial 281: page = 2, input = touchpad1
	trial 282: page = 2, input = touchpad1
	trial 283: page = 2, input = touchpad1
	trial 284: page = 2, input = touchpad1
	trial 285: page = 2, input = touchpad1
	trial 286: page = 5, input = touchpad1
	trial 287: page = 5, input = touchpad1
	trial 288: page = 5, input = touchpad1
	trial 289: page = 5, input = touchpad1
	trial 290: page = 5, input = touchpad1
	trial 291: page = 9, input = touchpad1
	trial 292: page = 9, input = touchpad1
	trial 293: page = 9, input = touchpad1
	trial 294: page = 9, input = touchpad1
	trial 295: page = 9, input = touchpad1
	trial 296: page = 8, input = touchpad1
	trial 297: page = 8, input = touchpad1
	trial 298: page = 8, input = touchpad1
	trial 299: page = 8, input = touchpad1
	trial 300: page = 8, input = touchpad1
	trial 301: page = 3, input = touchpad2
	trial 302: page = 3, input = touchpad2
	trial 303: page = 3, input = touchpad2
	trial 304: page = 3, input = touchpad2
	trial 305: page = 3, input = touchpad2
	trial 306: page = 1, input = touchpad2
	trial 307: page = 1, input = touchpad2
	trial 308: page = 1, input = touchpad2
	trial 309: page = 1, input = touchpad2
	trial 310: page = 1, input = touchpad2
	trial 311: page = 6, input = touchpad2
	trial 312: page = 6, input = touchpad2
	trial 313: page = 6, input = touchpad2
	trial 314: page = 6, input = touchpad2
	trial 315: page = 6, input = touchpad2
	trial 316: page = 4, input = touchpad2
	trial 317: page = 4, input = touchpad2
	trial 318: page = 4, input = touchpad2
	trial 319: page = 4, input = touchpad2
	trial 320: page = 4, input = touchpad2
	trial 321: page = 7, input = touchpad2
	trial 322: page = 7, input = touchpad2
	trial 323: page = 7, input = touchpad2
	trial 324: page = 7, input = touchpad2
	trial 325: page = 7, input = touchpad2
	trial 326: page = 10, input = touchpad2
	trial 327: page = 10, input = touchpad2
	trial 328: page = 10, input = touchpad2
	trial 329: page = 10, input = touchpad2
	trial 330: page = 10, input = touchpad2
	trial 331: page = 2, input = touchpad2
	trial 332: page = 2, input = touchpad2
	trial 333: page = 2, input = touchpad2
	trial 334: page = 2, input = touchpad2
	trial 335: page = 2, input = touchpad2
	trial 336: page = 5, input = touchpad2
	trial 337: page = 5, input = touchpad2
	trial 338: page = 5, input = touchpad2
	trial 339: page = 5, input = touchpad2
	trial 340: page = 5, input = touchpad2
	trial 341: page = 9, input = touchpad2
	trial 342: page = 9, input = touchpad2
	trial 343: page = 9, input = touchpad2
	trial 344: page = 9, input = touchpad2
	trial 345: page = 9, input = touchpad2
	trial 346: page = 8, input = touchpad2
	trial 347: page = 8, input = touchpad2
	trial 348: page = 8, input = touchpad2
	trial 349: page = 8, input = touchpad2
	trial 350: page = 8, input = touchpad2
	trial 351: page = 3, input = mouseringdouble1
	trial 352: page = 3, input = mouseringdouble1
	trial 353: page = 3, input = mouseringdouble1
	trial 354: page = 3, input = mouseringdouble1
	trial 355: page = 3, input = mouseringdouble1
	trial 356: page = 1, input = mouseringdouble1
	trial 357: page = 1, input = mouseringdouble1
	trial 358: page = 1, input = mouseringdouble1
	trial 359: page = 1, input = mouseringdouble1
	trial 360: page = 1, input = mouseringdouble1
	trial 361: page = 6, input = mouseringdouble1
	trial 362: page = 6, input = mouseringdouble1
	trial 363: page = 6, input = mouseringdouble1
	trial 364: page = 6, input = mouseringdouble1
	trial 365: page = 6, input = mouseringdouble1
	trial 366: page = 4, input = mouseringdouble1
	trial 367: page = 4, input = mouseringdouble1
	trial 368: page = 4, input = mouseringdouble1
	trial 369: page = 4, input = mouseringdouble1
	trial 370: page = 4, input = mouseringdouble1
	trial 371: page = 7, input = mouseringdouble1
	trial 372: page = 7, input = mouseringdouble1
	trial 373: page = 7, input = mouseringdouble1
	trial 374: page = 7, input = mouseringdouble1
	trial 375: page = 7, input = mouseringdouble1
	trial 376: page = 10, input = mouseringdouble1
	trial 377: page = 10, input = mouseringdouble1
	trial 378: page = 10, input = mouseringdouble1
	trial 379: page = 10, input = mouseringdouble1
	trial 380: page = 10, input = mouseringdouble1
	trial 381: page = 2, input = mouseringdouble1
	trial 382: page = 2, input = mouseringdouble1
	trial 383: page = 2, input = mouseringdouble1
	trial 384: page = 2, input = mouseringdouble1
	trial 385: page = 2, input = mouseringdouble1
	trial 386: page = 5, input = mouseringdouble1
	trial 387: page = 5, input = mouseringdouble1
	trial 388: page = 5, input = mouseringdouble1
	trial 389: page = 5, input = mouseringdouble1
	trial 390: page = 5, input = mouseringdouble1
	trial 391: page = 9, input = mouseringdouble1
	trial 392: page = 9, input = mouseringdouble1
	trial 393: page = 9, input = mouseringdouble1
	trial 394: page = 9, input = mouseringdouble1
	trial 395: page = 9, input = mouseringdouble1
	trial 396: page = 8, input = mouseringdouble1
	trial 397: page = 8, input = mouseringdouble1
	trial 398: page = 8, input = mouseringdouble1
	trial 399: page = 8, input = mouseringdouble1
	trial 400: page = 8, input = mouseringdouble1
	trial 401: page = 3, input = mouseringdouble2
	trial 402: page = 3, input = mouseringdouble2
	trial 403: page = 3, input = mouseringdouble2
	trial 404: page = 3, input = mouseringdouble2
	trial 405: page = 3, input = mouseringdouble2
	trial 406: page = 1, input = mouseringdouble2
	trial 407: page = 1, input = mouseringdouble2
	trial 408: page = 1, input = mouseringdouble2
	trial 409: page = 1, input = mouseringdouble2
	trial 410: page = 1, input = mouseringdouble2
	trial 411: page = 6, input = mouseringdouble2
	trial 412: page = 6, input = mouseringdouble2
	trial 413: page = 6, input = mouseringdouble2
	trial 414: page = 6, input = mouseringdouble2
	trial 415: page = 6, input = mouseringdouble2
	trial 416: page = 4, input = mouseringdouble2
	trial 417: page = 4, input = mouseringdouble2
	trial 418: page = 4, input = mouseringdouble2
	trial 419: page = 4, input = mouseringdouble2
	trial 420: page = 4, input = mouseringdouble2
	trial 421: page = 7, input = mouseringdouble2
	trial 422: page = 7, input = mouseringdouble2
	trial 423: page = 7, input = mouseringdouble2
	trial 424: page = 7, input = mouseringdouble2
	trial 425: page = 7, input = mouseringdouble2
	trial 426: page = 10, input = mouseringdouble2
	trial 427: page = 10, input = mouseringdouble2
	trial 428: page = 10, input = mouseringdouble2
	trial 429: page = 10, input = mouseringdouble2
	trial 430: page = 10, input = mouseringdouble2
	trial 431: page = 2, input = mouseringdouble2
	trial 432: page = 2, input = mouseringdouble2
	trial 433: page = 2, input = mouseringdouble2
	trial 434: page = 2, input = mouseringdouble2
	trial 435: page = 2, input = mouseringdouble2
	trial 436: page = 5, input = mouseringdouble2
	trial 437: page = 5, input = mouseringdouble2
	trial 438: page = 5, input = mouseringdouble2
	trial 439: page = 5, input = mouseringdouble2
	trial 440: page = 5, input = mouseringdouble2
	trial 441: page = 9, input = mouseringdouble2
	trial 442: page = 9, input = mouseringdouble2
	trial 443: page = 9, input = mouseringdouble2
	trial 444: page = 9, input = mouseringdouble2
	trial 445: page = 9, input = mouseringdouble2
	trial 446: page = 8, input = mouseringdouble2
	trial 447: page = 8, input = mouseringdouble2
	trial 448: page = 8, input = mouseringdouble2
	trial 449: page = 8, input = mouseringdouble2
	trial 450: page = 8, input = mouseringdouble2
	trial 451: page = 3, input = mouseringsingle4
	trial 452: page = 3, input = mouseringsingle4
	trial 453: page = 3, input = mouseringsingle4
	trial 454: page = 3, input = mouseringsingle4
	trial 455: page = 3, input = mouseringsingle4
	trial 456: page = 1, input = mouseringsingle4
	trial 457: page = 1, input = mouseringsingle4
	trial 458: page = 1, input = mouseringsingle4
	trial 459: page = 1, input = mouseringsingle4
	trial 460: page = 1, input = mouseringsingle4
	trial 461: page = 6, input = mouseringsingle4
	trial 462: page = 6, input = mouseringsingle4
	trial 463: page = 6, input = mouseringsingle4
	trial 464: page = 6, input = mouseringsingle4
	trial 465: page = 6, input = mouseringsingle4
	trial 466: page = 4, input = mouseringsingle4
	trial 467: page = 4, input = mouseringsingle4
	trial 468: page = 4, input = mouseringsingle4
	trial 469: page = 4, input = mouseringsingle4
	trial 470: page = 4, input = mouseringsingle4
	trial 471: page = 7, input = mouseringsingle4
	trial 472: page = 7, input = mouseringsingle4
	trial 473: page = 7, input = mouseringsingle4
	trial 474: page = 7, input = mouseringsingle4
	trial 475: page = 7, input = mouseringsingle4
	trial 476: page = 10, input = mouseringsingle4
	trial 477: page = 10, input = mouseringsingle4
	trial 478: page = 10, input = mouseringsingle4
	trial 479: page = 10, input = mouseringsingle4
	trial 480: page = 10, input = mouseringsingle4
	trial 481: page = 2, input = mouseringsingle4
	trial 482: page = 2, input = mouseringsingle4
	trial 483: page = 2, input = mouseringsingle4
	trial 484: page = 2, input = mouseringsingle4
	trial 485: page = 2, input = mouseringsingle4
	trial 486: page = 5, input = mouseringsingle4
	trial 487: page = 5, input = mouseringsingle4
	trial 488: page = 5, input = mouseringsingle4
	trial 489: page = 5, input = mouseringsingle4
	trial 490: page = 5, input = mouseringsingle4
	trial 491: page = 9, input = mouseringsingle4
	trial 492: page = 9, input = mouseringsingle4
	trial 493: page = 9, input = mouseringsingle4
	trial 494: page = 9, input = mouseringsingle4
	trial 495: page = 9, input = mouseringsingle4
	trial 496: page = 8, input = mouseringsingle4
	trial 497: page = 8, input = mouseringsingle4
	trial 498: page = 8, input = mouseringsingle4
	trial 499: page = 8, input = mouseringsingle4
	trial 500: page = 8, input = mouseringsingle4
	trial 501: page = 3, input = mouseringdouble4
	trial 502: page = 3, input = mouseringdouble4
	trial 503: page = 3, input = mouseringdouble4
	trial 504: page = 3, input = mouseringdouble4
	trial 505: page = 3, input = mouseringdouble4
	trial 506: page = 1, input = mouseringdouble4
	trial 507: page = 1, input = mouseringdouble4
	trial 508: page = 1, input = mouseringdouble4
	trial 509: page = 1, input = mouseringdouble4
	trial 510: page = 1, input = mouseringdouble4
	trial 511: page = 6, input = mouseringdouble4
	trial 512: page = 6, input = mouseringdouble4
	trial 513: page = 6, input = mouseringdouble4
	trial 514: page = 6, input = mouseringdouble4
	trial 515: page = 6, input = mouseringdouble4
	trial 516: page = 4, input = mouseringdouble4
	trial 517: page = 4, input = mouseringdouble4
	trial 518: page = 4, input = mouseringdouble4
	trial 519: page = 4, input = mouseringdouble4
	trial 520: page = 4, input = mouseringdouble4
	trial 521: page = 7, input = mouseringdouble4
	trial 522: page = 7, input = mouseringdouble4
	trial 523: page = 7, input = mouseringdouble4
	trial 524: page = 7, input = mouseringdouble4
	trial 525: page = 7, input = mouseringdouble4
	trial 526: page = 10, input = mouseringdouble4
	trial 527: page = 10, input = mouseringdouble4
	trial 528: page = 10, input = mouseringdouble4
	trial 529: page = 10, input = mouseringdouble4
	trial 530: page = 10, input = mouseringdouble4
	trial 531: page = 2, input = mouseringdouble4
	trial 532: page = 2, input = mouseringdouble4
	trial 533: page = 2, input = mouseringdouble4
	trial 534: page = 2, input = mouseringdouble4
	trial 535: page = 2, input = mouseringdouble4
	trial 536: page = 5, input = mouseringdouble4
	trial 537: page = 5, input = mouseringdouble4
	trial 538: page = 5, input = mouseringdouble4
	trial 539: page = 5, input = mouseringdouble4
	trial 540: page = 5, input = mouseringdouble4
	trial 541: page = 9, input = mouseringdouble4
	trial 542: page = 9, input = mouseringdouble4
	trial 543: page = 9, input = mouseringdouble4
	trial 544: page = 9, input = mouseringdouble4
	trial 545: page = 9, input = mouseringdouble4
	trial 546: page = 8, input = mouseringdouble4
	trial 547: page = 8, input = mouseringdouble4
	trial 548: page = 8, input = mouseringdouble4
	trial 549: page = 8, input = mouseringdouble4
	trial 550: page = 8, input = mouseringdouble4
	trial 551: page = 3, input = mouseringsingle2
	trial 552: page = 3, input = mouseringsingle2
	trial 553: page = 3, input = mouseringsingle2
	trial 554: page = 3, input = mouseringsingle2
	trial 555: page = 3, input = mouseringsingle2
	trial 556: page = 1, input = mouseringsingle2
	trial 557: page = 1, input = mouseringsingle2
	trial 558: page = 1, input = mouseringsingle2
	trial 559: page = 1, input = mouseringsingle2
	trial 560: page = 1, input = mouseringsingle2
	trial 561: page = 6, input = mouseringsingle2
	trial 562: page = 6, input = mouseringsingle2
	trial 563: page = 6, input = mouseringsingle2
	trial 564: page = 6, input = mouseringsingle2
	trial 565: page = 6, input = mouseringsingle2
	trial 566: page = 4, input = mouseringsingle2
	trial 567: page = 4, input = mouseringsingle2
	trial 568: page = 4, input = mouseringsingle2
	trial 569: page = 4, input = mouseringsingle2
	trial 570: page = 4, input = mouseringsingle2
	trial 571: page = 7, input = mouseringsingle2
	trial 572: page = 7, input = mouseringsingle2
	trial 573: page = 7, input = mouseringsingle2
	trial 574: page = 7, input = mouseringsingle2
	trial 575: page = 7, input = mouseringsingle2
	trial 576: page = 10, input = mouseringsingle2
	trial 577: page = 10, input = mouseringsingle2
	trial 578: page = 10, input = mouseringsingle2
	trial 579: page = 10, input = mouseringsingle2
	trial 580: page = 10, input = mouseringsingle2
	trial 581: page = 2, input = mouseringsingle2
	trial 582: page = 2, input = mouseringsingle2
	trial 583: page = 2, input = mouseringsingle2
	trial 584: page = 2, input = mouseringsingle2
	trial 585: page = 2, input = mouseringsingle2
	trial 586: page = 5, input = mouseringsingle2
	trial 587: page = 5, input = mouseringsingle2
	trial 588: page = 5, input = mouseringsingle2
	trial 589: page = 5, input = mouseringsingle2
	trial 590: page = 5, input = mouseringsingle2
	trial 591: page = 9, input = mouseringsingle2
	trial 592: page = 9, input = mouseringsingle2
	trial 593: page = 9, input = mouseringsingle2
	trial 594: page = 9, input = mouseringsingle2
	trial 595: page = 9, input = mouseringsingle2
	trial 596: page = 8, input = mouseringsingle2
	trial 597: page = 8, input = mouseringsingle2
	trial 598: page = 8, input = mouseringsingle2
	trial 599: page = 8, input = mouseringsingle2
	trial 600: page = 8, input = mouseringsingle2
plan 6:
	trial 1: page = 3, input = touchpad2
	trial 2: page = 3, input = touchpad2
	trial 3: page = 3, input = touchpad2
	trial 4: page = 3, input = touchpad2
	trial 5: page = 3, input = touchpad2
	trial 6: page = 1, input = touchpad2
	trial 7: page = 1, input = touchpad2
	trial 8: page = 1, input = touchpad2
	trial 9: page = 1, input = touchpad2
	trial 10: page = 1, input = touchpad2
	trial 11: page = 6, input = touchpad2
	trial 12: page = 6, input = touchpad2
	trial 13: page = 6, input = touchpad2
	trial 14: page = 6, input = touchpad2
	trial 15: page = 6, input = touchpad2
	trial 16: page = 4, input = touchpad2
	trial 17: page = 4, input = touchpad2
	trial 18: page = 4, input = touchpad2
	trial 19: page = 4, input = touchpad2
	trial 20: page = 4, input = touchpad2
	trial 21: page = 7, input = touchpad2
	trial 22: page = 7, input = touchpad2
	trial 23: page = 7, input = touchpad2
	trial 24: page = 7, input = touchpad2
	trial 25: page = 7, input = touchpad2
	trial 26: page = 10, input = touchpad2
	trial 27: page = 10, input = touchpad2
	trial 28: page = 10, input = touchpad2
	trial 29: page = 10, input = touchpad2
	trial 30: page = 10, input = touchpad2
	trial 31: page = 2, input = touchpad2
	trial 32: page = 2, input = touchpad2
	trial 33: page = 2, input = touchpad2
	trial 34: page = 2, input = touchpad2
	trial 35: page = 2, input = touchpad2
	trial 36: page = 5, input = touchpad2
	trial 37: page = 5, input = touchpad2
	trial 38: page = 5, input = touchpad2
	trial 39: page = 5, input = touchpad2
	trial 40: page = 5, input = touchpad2
	trial 41: page = 9, input = touchpad2
	trial 42: page = 9, input = touchpad2
	trial 43: page = 9, input = touchpad2
	trial 44: page = 9, input = touchpad2
	trial 45: page = 9, input = touchpad2
	trial 46: page = 8, input = touchpad2
	trial 47: page = 8, input = touchpad2
	trial 48: page = 8, input = touchpad2
	trial 49: page = 8, input = touchpad2
	trial 50: page = 8, input = touchpad2
	trial 51: page = 3, input = mouseringsingle3
	trial 52: page = 3, input = mouseringsingle3
	trial 53: page = 3, input = mouseringsingle3
	trial 54: page = 3, input = mouseringsingle3
	trial 55: page = 3, input = mouseringsingle3
	trial 56: page = 1, input = mouseringsingle3
	trial 57: page = 1, input = mouseringsingle3
	trial 58: page = 1, input = mouseringsingle3
	trial 59: page = 1, input = mouseringsingle3
	trial 60: page = 1, input = mouseringsingle3
	trial 61: page = 6, input = mouseringsingle3
	trial 62: page = 6, input = mouseringsingle3
	trial 63: page = 6, input = mouseringsingle3
	trial 64: page = 6, input = mouseringsingle3
	trial 65: page = 6, input = mouseringsingle3
	trial 66: page = 4, input = mouseringsingle3
	trial 67: page = 4, input = mouseringsingle3
	trial 68: page = 4, input = mouseringsingle3
	trial 69: page = 4, input = mouseringsingle3
	trial 70: page = 4, input = mouseringsingle3
	trial 71: page = 7, input = mouseringsingle3
	trial 72: page = 7, input = mouseringsingle3
	trial 73: page = 7, input = mouseringsingle3
	trial 74: page = 7, input = mouseringsingle3
	trial 75: page = 7, input = mouseringsingle3
	trial 76: page = 10, input = mouseringsingle3
	trial 77: page = 10, input = mouseringsingle3
	trial 78: page = 10, input = mouseringsingle3
	trial 79: page = 10, input = mouseringsingle3
	trial 80: page = 10, input = mouseringsingle3
	trial 81: page = 2, input = mouseringsingle3
	trial 82: page = 2, input = mouseringsingle3
	trial 83: page = 2, input = mouseringsingle3
	trial 84: page = 2, input = mouseringsingle3
	trial 85: page = 2, input = mouseringsingle3
	trial 86: page = 5, input = mouseringsingle3
	trial 87: page = 5, input = mouseringsingle3
	trial 88: page = 5, input = mouseringsingle3
	trial 89: page = 5, input = mouseringsingle3
	trial 90: page = 5, input = mouseringsingle3
	trial 91: page = 9, input = mouseringsingle3
	trial 92: page = 9, input = mouseringsingle3
	trial 93: page = 9, input = mouseringsingle3
	trial 94: page = 9, input = mouseringsingle3
	trial 95: page = 9, input = mouseringsingle3
	trial 96: page = 8, input = mouseringsingle3
	trial 97: page = 8, input = mouseringsingle3
	trial 98: page = 8, input = mouseringsingle3
	trial 99: page = 8, input = mouseringsingle3
	trial 100: page = 8, input = mouseringsingle3
	trial 101: page = 3, input = mouseringdouble4
	trial 102: page = 3, input = mouseringdouble4
	trial 103: page = 3, input = mouseringdouble4
	trial 104: page = 3, input = mouseringdouble4
	trial 105: page = 3, input = mouseringdouble4
	trial 106: page = 1, input = mouseringdouble4
	trial 107: page = 1, input = mouseringdouble4
	trial 108: page = 1, input = mouseringdouble4
	trial 109: page = 1, input = mouseringdouble4
	trial 110: page = 1, input = mouseringdouble4
	trial 111: page = 6, input = mouseringdouble4
	trial 112: page = 6, input = mouseringdouble4
	trial 113: page = 6, input = mouseringdouble4
	trial 114: page = 6, input = mouseringdouble4
	trial 115: page = 6, input = mouseringdouble4
	trial 116: page = 4, input = mouseringdouble4
	trial 117: page = 4, input = mouseringdouble4
	trial 118: page = 4, input = mouseringdouble4
	trial 119: page = 4, input = mouseringdouble4
	trial 120: page = 4, input = mouseringdouble4
	trial 121: page = 7, input = mouseringdouble4
	trial 122: page = 7, input = mouseringdouble4
	trial 123: page = 7, input = mouseringdouble4
	trial 124: page = 7, input = mouseringdouble4
	trial 125: page = 7, input = mouseringdouble4
	trial 126: page = 10, input = mouseringdouble4
	trial 127: page = 10, input = mouseringdouble4
	trial 128: page = 10, input = mouseringdouble4
	trial 129: page = 10, input = mouseringdouble4
	trial 130: page = 10, input = mouseringdouble4
	trial 131: page = 2, input = mouseringdouble4
	trial 132: page = 2, input = mouseringdouble4
	trial 133: page = 2, input = mouseringdouble4
	trial 134: page = 2, input = mouseringdouble4
	trial 135: page = 2, input = mouseringdouble4
	trial 136: page = 5, input = mouseringdouble4
	trial 137: page = 5, input = mouseringdouble4
	trial 138: page = 5, input = mouseringdouble4
	trial 139: page = 5, input = mouseringdouble4
	trial 140: page = 5, input = mouseringdouble4
	trial 141: page = 9, input = mouseringdouble4
	trial 142: page = 9, input = mouseringdouble4
	trial 143: page = 9, input = mouseringdouble4
	trial 144: page = 9, input = mouseringdouble4
	trial 145: page = 9, input = mouseringdouble4
	trial 146: page = 8, input = mouseringdouble4
	trial 147: page = 8, input = mouseringdouble4
	trial 148: page = 8, input = mouseringdouble4
	trial 149: page = 8, input = mouseringdouble4
	trial 150: page = 8, input = mouseringdouble4
	trial 151: page = 3, input = airmouse2
	trial 152: page = 3, input = airmouse2
	trial 153: page = 3, input = airmouse2
	trial 154: page = 3, input = airmouse2
	trial 155: page = 3, input = airmouse2
	trial 156: page = 1, input = airmouse2
	trial 157: page = 1, input = airmouse2
	trial 158: page = 1, input = airmouse2
	trial 159: page = 1, input = airmouse2
	trial 160: page = 1, input = airmouse2
	trial 161: page = 6, input = airmouse2
	trial 162: page = 6, input = airmouse2
	trial 163: page = 6, input = airmouse2
	trial 164: page = 6, input = airmouse2
	trial 165: page = 6, input = airmouse2
	trial 166: page = 4, input = airmouse2
	trial 167: page = 4, input = airmouse2
	trial 168: page = 4, input = airmouse2
	trial 169: page = 4, input = airmouse2
	trial 170: page = 4, input = airmouse2
	trial 171: page = 7, input = airmouse2
	trial 172: page = 7, input = airmouse2
	trial 173: page = 7, input = airmouse2
	trial 174: page = 7, input = airmouse2
	trial 175: page = 7, input = airmouse2
	trial 176: page = 10, input = airmouse2
	trial 177: page = 10, input = airmouse2
	trial 178: page = 10, input = airmouse2
	trial 179: page = 10, input = airmouse2
	trial 180: page = 10, input = airmouse2
	trial 181: page = 2, input = airmouse2
	trial 182: page = 2, input = airmouse2
	trial 183: page = 2, input = airmouse2
	trial 184: page = 2, input = airmouse2
	trial 185: page = 2, input = airmouse2
	trial 186: page = 5, input = airmouse2
	trial 187: page = 5, input = airmouse2
	trial 188: page = 5, input = airmouse2
	trial 189: page = 5, input = airmouse2
	trial 190: page = 5, input = airmouse2
	trial 191: page = 9, input = airmouse2
	trial 192: page = 9, input = airmouse2
	trial 193: page = 9, input = airmouse2
	trial 194: page = 9, input = airmouse2
	trial 195: page = 9, input = airmouse2
	trial 196: page = 8, input = airmouse2
	trial 197: page = 8, input = airmouse2
	trial 198: page = 8, input = airmouse2
	trial 199: page = 8, input = airmouse2
	trial 200: page = 8, input = airmouse2
	trial 201: page = 3, input = touchpad1
	trial 202: page = 3, input = touchpad1
	trial 203: page = 3, input = touchpad1
	trial 204: page = 3, input = touchpad1
	trial 205: page = 3, input = touchpad1
	trial 206: page = 1, input = touchpad1
	trial 207: page = 1, input = touchpad1
	trial 208: page = 1, input = touchpad1
	trial 209: page = 1, input = touchpad1
	trial 210: page = 1, input = touchpad1
	trial 211: page = 6, input = touchpad1
	trial 212: page = 6, input = touchpad1
	trial 213: page = 6, input = touchpad1
	trial 214: page = 6, input = touchpad1
	trial 215: page = 6, input = touchpad1
	trial 216: page = 4, input = touchpad1
	trial 217: page = 4, input = touchpad1
	trial 218: page = 4, input = touchpad1
	trial 219: page = 4, input = touchpad1
	trial 220: page = 4, input = touchpad1
	trial 221: page = 7, input = touchpad1
	trial 222: page = 7, input = touchpad1
	trial 223: page = 7, input = touchpad1
	trial 224: page = 7, input = touchpad1
	trial 225: page = 7, input = touchpad1
	trial 226: page = 10, input = touchpad1
	trial 227: page = 10, input = touchpad1
	trial 228: page = 10, input = touchpad1
	trial 229: page = 10, input = touchpad1
	trial 230: page = 10, input = touchpad1
	trial 231: page = 2, input = touchpad1
	trial 232: page = 2, input = touchpad1
	trial 233: page = 2, input = touchpad1
	trial 234: page = 2, input = touchpad1
	trial 235: page = 2, input = touchpad1
	trial 236: page = 5, input = touchpad1
	trial 237: page = 5, input = touchpad1
	trial 238: page = 5, input = touchpad1
	trial 239: page = 5, input = touchpad1
	trial 240: page = 5, input = touchpad1
	trial 241: page = 9, input = touchpad1
	trial 242: page = 9, input = touchpad1
	trial 243: page = 9, input = touchpad1
	trial 244: page = 9, input = touchpad1
	trial 245: page = 9, input = touchpad1
	trial 246: page = 8, input = touchpad1
	trial 247: page = 8, input = touchpad1
	trial 248: page = 8, input = touchpad1
	trial 249: page = 8, input = touchpad1
	trial 250: page = 8, input = touchpad1
	trial 251: page = 3, input = mouseringdouble3
	trial 252: page = 3, input = mouseringdouble3
	trial 253: page = 3, input = mouseringdouble3
	trial 254: page = 3, input = mouseringdouble3
	trial 255: page = 3, input = mouseringdouble3
	trial 256: page = 1, input = mouseringdouble3
	trial 257: page = 1, input = mouseringdouble3
	trial 258: page = 1, input = mouseringdouble3
	trial 259: page = 1, input = mouseringdouble3
	trial 260: page = 1, input = mouseringdouble3
	trial 261: page = 6, input = mouseringdouble3
	trial 262: page = 6, input = mouseringdouble3
	trial 263: page = 6, input = mouseringdouble3
	trial 264: page = 6, input = mouseringdouble3
	trial 265: page = 6, input = mouseringdouble3
	trial 266: page = 4, input = mouseringdouble3
	trial 267: page = 4, input = mouseringdouble3
	trial 268: page = 4, input = mouseringdouble3
	trial 269: page = 4, input = mouseringdouble3
	trial 270: page = 4, input = mouseringdouble3
	trial 271: page = 7, input = mouseringdouble3
	trial 272: page = 7, input = mouseringdouble3
	trial 273: page = 7, input = mouseringdouble3
	trial 274: page = 7, input = mouseringdouble3
	trial 275: page = 7, input = mouseringdouble3
	trial 276: page = 10, input = mouseringdouble3
	trial 277: page = 10, input = mouseringdouble3
	trial 278: page = 10, input = mouseringdouble3
	trial 279: page = 10, input = mouseringdouble3
	trial 280: page = 10, input = mouseringdouble3
	trial 281: page = 2, input = mouseringdouble3
	trial 282: page = 2, input = mouseringdouble3
	trial 283: page = 2, input = mouseringdouble3
	trial 284: page = 2, input = mouseringdouble3
	trial 285: page = 2, input = mouseringdouble3
	trial 286: page = 5, input = mouseringdouble3
	trial 287: page = 5, input = mouseringdouble3
	trial 288: page = 5, input = mouseringdouble3
	trial 289: page = 5, input = mouseringdouble3
	trial 290: page = 5, input = mouseringdouble3
	trial 291: page = 9, input = mouseringdouble3
	trial 292: page = 9, input = mouseringdouble3
	trial 293: page = 9, input = mouseringdouble3
	trial 294: page = 9, input = mouseringdouble3
	trial 295: page = 9, input = mouseringdouble3
	trial 296: page = 8, input = mouseringdouble3
	trial 297: page = 8, input = mouseringdouble3
	trial 298: page = 8, input = mouseringdouble3
	trial 299: page = 8, input = mouseringdouble3
	trial 300: page = 8, input = mouseringdouble3
	trial 301: page = 3, input = mouseringdouble1
	trial 302: page = 3, input = mouseringdouble1
	trial 303: page = 3, input = mouseringdouble1
	trial 304: page = 3, input = mouseringdouble1
	trial 305: page = 3, input = mouseringdouble1
	trial 306: page = 1, input = mouseringdouble1
	trial 307: page = 1, input = mouseringdouble1
	trial 308: page = 1, input = mouseringdouble1
	trial 309: page = 1, input = mouseringdouble1
	trial 310: page = 1, input = mouseringdouble1
	trial 311: page = 6, input = mouseringdouble1
	trial 312: page = 6, input = mouseringdouble1
	trial 313: page = 6, input = mouseringdouble1
	trial 314: page = 6, input = mouseringdouble1
	trial 315: page = 6, input = mouseringdouble1
	trial 316: page = 4, input = mouseringdouble1
	trial 317: page = 4, input = mouseringdouble1
	trial 318: page = 4, input = mouseringdouble1
	trial 319: page = 4, input = mouseringdouble1
	trial 320: page = 4, input = mouseringdouble1
	trial 321: page = 7, input = mouseringdouble1
	trial 322: page = 7, input = mouseringdouble1
	trial 323: page = 7, input = mouseringdouble1
	trial 324: page = 7, input = mouseringdouble1
	trial 325: page = 7, input = mouseringdouble1
	trial 326: page = 10, input = mouseringdouble1
	trial 327: page = 10, input = mouseringdouble1
	trial 328: page = 10, input = mouseringdouble1
	trial 329: page = 10, input = mouseringdouble1
	trial 330: page = 10, input = mouseringdouble1
	trial 331: page = 2, input = mouseringdouble1
	trial 332: page = 2, input = mouseringdouble1
	trial 333: page = 2, input = mouseringdouble1
	trial 334: page = 2, input = mouseringdouble1
	trial 335: page = 2, input = mouseringdouble1
	trial 336: page = 5, input = mouseringdouble1
	trial 337: page = 5, input = mouseringdouble1
	trial 338: page = 5, input = mouseringdouble1
	trial 339: page = 5, input = mouseringdouble1
	trial 340: page = 5, input = mouseringdouble1
	trial 341: page = 9, input = mouseringdouble1
	trial 342: page = 9, input = mouseringdouble1
	trial 343: page = 9, input = mouseringdouble1
	trial 344: page = 9, input = mouseringdouble1
	trial 345: page = 9, input = mouseringdouble1
	trial 346: page = 8, input = mouseringdouble1
	trial 347: page = 8, input = mouseringdouble1
	trial 348: page = 8, input = mouseringdouble1
	trial 349: page = 8, input = mouseringdouble1
	trial 350: page = 8, input = mouseringdouble1
	trial 351: page = 3, input = mouseringsingle2
	trial 352: page = 3, input = mouseringsingle2
	trial 353: page = 3, input = mouseringsingle2
	trial 354: page = 3, input = mouseringsingle2
	trial 355: page = 3, input = mouseringsingle2
	trial 356: page = 1, input = mouseringsingle2
	trial 357: page = 1, input = mouseringsingle2
	trial 358: page = 1, input = mouseringsingle2
	trial 359: page = 1, input = mouseringsingle2
	trial 360: page = 1, input = mouseringsingle2
	trial 361: page = 6, input = mouseringsingle2
	trial 362: page = 6, input = mouseringsingle2
	trial 363: page = 6, input = mouseringsingle2
	trial 364: page = 6, input = mouseringsingle2
	trial 365: page = 6, input = mouseringsingle2
	trial 366: page = 4, input = mouseringsingle2
	trial 367: page = 4, input = mouseringsingle2
	trial 368: page = 4, input = mouseringsingle2
	trial 369: page = 4, input = mouseringsingle2
	trial 370: page = 4, input = mouseringsingle2
	trial 371: page = 7, input = mouseringsingle2
	trial 372: page = 7, input = mouseringsingle2
	trial 373: page = 7, input = mouseringsingle2
	trial 374: page = 7, input = mouseringsingle2
	trial 375: page = 7, input = mouseringsingle2
	trial 376: page = 10, input = mouseringsingle2
	trial 377: page = 10, input = mouseringsingle2
	trial 378: page = 10, input = mouseringsingle2
	trial 379: page = 10, input = mouseringsingle2
	trial 380: page = 10, input = mouseringsingle2
	trial 381: page = 2, input = mouseringsingle2
	trial 382: page = 2, input = mouseringsingle2
	trial 383: page = 2, input = mouseringsingle2
	trial 384: page = 2, input = mouseringsingle2
	trial 385: page = 2, input = mouseringsingle2
	trial 386: page = 5, input = mouseringsingle2
	trial 387: page = 5, input = mouseringsingle2
	trial 388: page = 5, input = mouseringsingle2
	trial 389: page = 5, input = mouseringsingle2
	trial 390: page = 5, input = mouseringsingle2
	trial 391: page = 9, input = mouseringsingle2
	trial 392: page = 9, input = mouseringsingle2
	trial 393: page = 9, input = mouseringsingle2
	trial 394: page = 9, input = mouseringsingle2
	trial 395: page = 9, input = mouseringsingle2
	trial 396: page = 8, input = mouseringsingle2
	trial 397: page = 8, input = mouseringsingle2
	trial 398: page = 8, input = mouseringsingle2
	trial 399: page = 8, input = mouseringsingle2
	trial 400: page = 8, input = mouseringsingle2
	trial 401: page = 3, input = mouseringdouble2
	trial 402: page = 3, input = mouseringdouble2
	trial 403: page = 3, input = mouseringdouble2
	trial 404: page = 3, input = mouseringdouble2
	trial 405: page = 3, input = mouseringdouble2
	trial 406: page = 1, input = mouseringdouble2
	trial 407: page = 1, input = mouseringdouble2
	trial 408: page = 1, input = mouseringdouble2
	trial 409: page = 1, input = mouseringdouble2
	trial 410: page = 1, input = mouseringdouble2
	trial 411: page = 6, input = mouseringdouble2
	trial 412: page = 6, input = mouseringdouble2
	trial 413: page = 6, input = mouseringdouble2
	trial 414: page = 6, input = mouseringdouble2
	trial 415: page = 6, input = mouseringdouble2
	trial 416: page = 4, input = mouseringdouble2
	trial 417: page = 4, input = mouseringdouble2
	trial 418: page = 4, input = mouseringdouble2
	trial 419: page = 4, input = mouseringdouble2
	trial 420: page = 4, input = mouseringdouble2
	trial 421: page = 7, input = mouseringdouble2
	trial 422: page = 7, input = mouseringdouble2
	trial 423: page = 7, input = mouseringdouble2
	trial 424: page = 7, input = mouseringdouble2
	trial 425: page = 7, input = mouseringdouble2
	trial 426: page = 10, input = mouseringdouble2
	trial 427: page = 10, input = mouseringdouble2
	trial 428: page = 10, input = mouseringdouble2
	trial 429: page = 10, input = mouseringdouble2
	trial 430: page = 10, input = mouseringdouble2
	trial 431: page = 2, input = mouseringdouble2
	trial 432: page = 2, input = mouseringdouble2
	trial 433: page = 2, input = mouseringdouble2
	trial 434: page = 2, input = mouseringdouble2
	trial 435: page = 2, input = mouseringdouble2
	trial 436: page = 5, input = mouseringdouble2
	trial 437: page = 5, input = mouseringdouble2
	trial 438: page = 5, input = mouseringdouble2
	trial 439: page = 5, input = mouseringdouble2
	trial 440: page = 5, input = mouseringdouble2
	trial 441: page = 9, input = mouseringdouble2
	trial 442: page = 9, input = mouseringdouble2
	trial 443: page = 9, input = mouseringdouble2
	trial 444: page = 9, input = mouseringdouble2
	trial 445: page = 9, input = mouseringdouble2
	trial 446: page = 8, input = mouseringdouble2
	trial 447: page = 8, input = mouseringdouble2
	trial 448: page = 8, input = mouseringdouble2
	trial 449: page = 8, input = mouseringdouble2
	trial 450: page = 8, input = mouseringdouble2
	trial 451: page = 3, input = mouseringsingle1
	trial 452: page = 3, input = mouseringsingle1
	trial 453: page = 3, input = mouseringsingle1
	trial 454: page = 3, input = mouseringsingle1
	trial 455: page = 3, input = mouseringsingle1
	trial 456: page = 1, input = mouseringsingle1
	trial 457: page = 1, input = mouseringsingle1
	trial 458: page = 1, input = mouseringsingle1
	trial 459: page = 1, input = mouseringsingle1
	trial 460: page = 1, input = mouseringsingle1
	trial 461: page = 6, input = mouseringsingle1
	trial 462: page = 6, input = mouseringsingle1
	trial 463: page = 6, input = mouseringsingle1
	trial 464: page = 6, input = mouseringsingle1
	trial 465: page = 6, input = mouseringsingle1
	trial 466: page = 4, input = mouseringsingle1
	trial 467: page = 4, input = mouseringsingle1
	trial 468: page = 4, input = mouseringsingle1
	trial 469: page = 4, input = mouseringsingle1
	trial 470: page = 4, input = mouseringsingle1
	trial 471: page = 7, input = mouseringsingle1
	trial 472: page = 7, input = mouseringsingle1
	trial 473: page = 7, input = mouseringsingle1
	trial 474: page = 7, input = mouseringsingle1
	trial 475: page = 7, input = mouseringsingle1
	trial 476: page = 10, input = mouseringsingle1
	trial 477: page = 10, input = mouseringsingle1
	trial 478: page = 10, input = mouseringsingle1
	trial 479: page = 10, input = mouseringsingle1
	trial 480: page = 10, input = mouseringsingle1
	trial 481: page = 2, input = mouseringsingle1
	trial 482: page = 2, input = mouseringsingle1
	trial 483: page = 2, input = mouseringsingle1
	trial 484: page = 2, input = mouseringsingle1
	trial 485: page = 2, input = mouseringsingle1
	trial 486: page = 5, input = mouseringsingle1
	trial 487: page = 5, input = mouseringsingle1
	trial 488: page = 5, input = mouseringsingle1
	trial 489: page = 5, input = mouseringsingle1
	trial 490: page = 5, input = mouseringsingle1
	trial 491: page = 9, input = mouseringsingle1
	trial 492: page = 9, input = mouseringsingle1
	trial 493: page = 9, input = mouseringsingle1
	trial 494: page = 9, input = mouseringsingle1
	trial 495: page = 9, input = mouseringsingle1
	trial 496: page = 8, input = mouseringsingle1
	trial 497: page = 8, input = mouseringsingle1
	trial 498: page = 8, input = mouseringsingle1
	trial 499: page = 8, input = mouseringsingle1
	trial 500: page = 8, input = mouseringsingle1
	trial 501: page = 3, input = mouseringsingle4
	trial 502: page = 3, input = mouseringsingle4
	trial 503: page = 3, input = mouseringsingle4
	trial 504: page = 3, input = mouseringsingle4
	trial 505: page = 3, input = mouseringsingle4
	trial 506: page = 1, input = mouseringsingle4
	trial 507: page = 1, input = mouseringsingle4
	trial 508: page = 1, input = mouseringsingle4
	trial 509: page = 1, input = mouseringsingle4
	trial 510: page = 1, input = mouseringsingle4
	trial 511: page = 6, input = mouseringsingle4
	trial 512: page = 6, input = mouseringsingle4
	trial 513: page = 6, input = mouseringsingle4
	trial 514: page = 6, input = mouseringsingle4
	trial 515: page = 6, input = mouseringsingle4
	trial 516: page = 4, input = mouseringsingle4
	trial 517: page = 4, input = mouseringsingle4
	trial 518: page = 4, input = mouseringsingle4
	trial 519: page = 4, input = mouseringsingle4
	trial 520: page = 4, input = mouseringsingle4
	trial 521: page = 7, input = mouseringsingle4
	trial 522: page = 7, input = mouseringsingle4
	trial 523: page = 7, input = mouseringsingle4
	trial 524: page = 7, input = mouseringsingle4
	trial 525: page = 7, input = mouseringsingle4
	trial 526: page = 10, input = mouseringsingle4
	trial 527: page = 10, input = mouseringsingle4
	trial 528: page = 10, input = mouseringsingle4
	trial 529: page = 10, input = mouseringsingle4
	trial 530: page = 10, input = mouseringsingle4
	trial 531: page = 2, input = mouseringsingle4
	trial 532: page = 2, input = mouseringsingle4
	trial 533: page = 2, input = mouseringsingle4
	trial 534: page = 2, input = mouseringsingle4
	trial 535: page = 2, input = mouseringsingle4
	trial 536: page = 5, input = mouseringsingle4
	trial 537: page = 5, input = mouseringsingle4
	trial 538: page = 5, input = mouseringsingle4
	trial 539: page = 5, input = mouseringsingle4
	trial 540: page = 5, input = mouseringsingle4
	trial 541: page = 9, input = mouseringsingle4
	trial 542: page = 9, input = mouseringsingle4
	trial 543: page = 9, input = mouseringsingle4
	trial 544: page = 9, input = mouseringsingle4
	trial 545: page = 9, input = mouseringsingle4
	trial 546: page = 8, input = mouseringsingle4
	trial 547: page = 8, input = mouseringsingle4
	trial 548: page = 8, input = mouseringsingle4
	trial 549: page = 8, input = mouseringsingle4
	trial 550: page = 8, input = mouseringsingle4
	trial 551: page = 3, input = airmouse1
	trial 552: page = 3, input = airmouse1
	trial 553: page = 3, input = airmouse1
	trial 554: page = 3, input = airmouse1
	trial 555: page = 3, input = airmouse1
	trial 556: page = 1, input = airmouse1
	trial 557: page = 1, input = airmouse1
	trial 558: page = 1, input = airmouse1
	trial 559: page = 1, input = airmouse1
	trial 560: page = 1, input = airmouse1
	trial 561: page = 6, input = airmouse1
	trial 562: page = 6, input = airmouse1
	trial 563: page = 6, input = airmouse1
	trial 564: page = 6, input = airmouse1
	trial 565: page = 6, input = airmouse1
	trial 566: page = 4, input = airmouse1
	trial 567: page = 4, input = airmouse1
	trial 568: page = 4, input = airmouse1
	trial 569: page = 4, input = airmouse1
	trial 570: page = 4, input = airmouse1
	trial 571: page = 7, input = airmouse1
	trial 572: page = 7, input = airmouse1
	trial 573: page = 7, input = airmouse1
	trial 574: page = 7, input = airmouse1
	trial 575: page = 7, input = airmouse1
	trial 576: page = 10, input = airmouse1
	trial 577: page = 10, input = airmouse1
	trial 578: page = 10, input = airmouse1
	trial 579: page = 10, input = airmouse1
	trial 580: page = 10, input = airmouse1
	trial 581: page = 2, input = airmouse1
	trial 582: page = 2, input = airmouse1
	trial 583: page = 2, input = airmouse1
	trial 584: page = 2, input = airmouse1
	trial 585: page = 2, input = airmouse1
	trial 586: page = 5, input = airmouse1
	trial 587: page = 5, input = airmouse1
	trial 588: page = 5, input = airmouse1
	trial 589: page = 5, input = airmouse1
	trial 590: page = 5, input = airmouse1
	trial 591: page = 9, input = airmouse1
	trial 592: page = 9, input = airmouse1
	trial 593: page = 9, input = airmouse1
	trial 594: page = 9, input = airmouse1
	trial 595: page = 9, input = airmouse1
	trial 596: page = 8, input = airmouse1
	trial 597: page = 8, input = airmouse1
	trial 598: page = 8, input = airmouse1
	trial 599: page = 8, input = airmouse1
	trial 600: page = 8, input = airmouse1
plan 7:
	trial 1: page = 3, input = touchpad2
	trial 2: page = 3, input = touchpad2
	trial 3: page = 3, input = touchpad2
	trial 4: page = 3, input = touchpad2
	trial 5: page = 3, input = touchpad2
	trial 6: page = 1, input = touchpad2
	trial 7: page = 1, input = touchpad2
	trial 8: page = 1, input = touchpad2
	trial 9: page = 1, input = touchpad2
	trial 10: page = 1, input = touchpad2
	trial 11: page = 6, input = touchpad2
	trial 12: page = 6, input = touchpad2
	trial 13: page = 6, input = touchpad2
	trial 14: page = 6, input = touchpad2
	trial 15: page = 6, input = touchpad2
	trial 16: page = 4, input = touchpad2
	trial 17: page = 4, input = touchpad2
	trial 18: page = 4, input = touchpad2
	trial 19: page = 4, input = touchpad2
	trial 20: page = 4, input = touchpad2
	trial 21: page = 7, input = touchpad2
	trial 22: page = 7, input = touchpad2
	trial 23: page = 7, input = touchpad2
	trial 24: page = 7, input = touchpad2
	trial 25: page = 7, input = touchpad2
	trial 26: page = 10, input = touchpad2
	trial 27: page = 10, input = touchpad2
	trial 28: page = 10, input = touchpad2
	trial 29: page = 10, input = touchpad2
	trial 30: page = 10, input = touchpad2
	trial 31: page = 2, input = touchpad2
	trial 32: page = 2, input = touchpad2
	trial 33: page = 2, input = touchpad2
	trial 34: page = 2, input = touchpad2
	trial 35: page = 2, input = touchpad2
	trial 36: page = 5, input = touchpad2
	trial 37: page = 5, input = touchpad2
	trial 38: page = 5, input = touchpad2
	trial 39: page = 5, input = touchpad2
	trial 40: page = 5, input = touchpad2
	trial 41: page = 9, input = touchpad2
	trial 42: page = 9, input = touchpad2
	trial 43: page = 9, input = touchpad2
	trial 44: page = 9, input = touchpad2
	trial 45: page = 9, input = touchpad2
	trial 46: page = 8, input = touchpad2
	trial 47: page = 8, input = touchpad2
	trial 48: page = 8, input = touchpad2
	trial 49: page = 8, input = touchpad2
	trial 50: page = 8, input = touchpad2
	trial 51: page = 3, input = mouseringdouble3
	trial 52: page = 3, input = mouseringdouble3
	trial 53: page = 3, input = mouseringdouble3
	trial 54: page = 3, input = mouseringdouble3
	trial 55: page = 3, input = mouseringdouble3
	trial 56: page = 1, input = mouseringdouble3
	trial 57: page = 1, input = mouseringdouble3
	trial 58: page = 1, input = mouseringdouble3
	trial 59: page = 1, input = mouseringdouble3
	trial 60: page = 1, input = mouseringdouble3
	trial 61: page = 6, input = mouseringdouble3
	trial 62: page = 6, input = mouseringdouble3
	trial 63: page = 6, input = mouseringdouble3
	trial 64: page = 6, input = mouseringdouble3
	trial 65: page = 6, input = mouseringdouble3
	trial 66: page = 4, input = mouseringdouble3
	trial 67: page = 4, input = mouseringdouble3
	trial 68: page = 4, input = mouseringdouble3
	trial 69: page = 4, input = mouseringdouble3
	trial 70: page = 4, input = mouseringdouble3
	trial 71: page = 7, input = mouseringdouble3
	trial 72: page = 7, input = mouseringdouble3
	trial 73: page = 7, input = mouseringdouble3
	trial 74: page = 7, input = mouseringdouble3
	trial 75: page = 7, input = mouseringdouble3
	trial 76: page = 10, input = mouseringdouble3
	trial 77: page = 10, input = mouseringdouble3
	trial 78: page = 10, input = mouseringdouble3
	trial 79: page = 10, input = mouseringdouble3
	trial 80: page = 10, input = mouseringdouble3
	trial 81: page = 2, input = mouseringdouble3
	trial 82: page = 2, input = mouseringdouble3
	trial 83: page = 2, input = mouseringdouble3
	trial 84: page = 2, input = mouseringdouble3
	trial 85: page = 2, input = mouseringdouble3
	trial 86: page = 5, input = mouseringdouble3
	trial 87: page = 5, input = mouseringdouble3
	trial 88: page = 5, input = mouseringdouble3
	trial 89: page = 5, input = mouseringdouble3
	trial 90: page = 5, input = mouseringdouble3
	trial 91: page = 9, input = mouseringdouble3
	trial 92: page = 9, input = mouseringdouble3
	trial 93: page = 9, input = mouseringdouble3
	trial 94: page = 9, input = mouseringdouble3
	trial 95: page = 9, input = mouseringdouble3
	trial 96: page = 8, input = mouseringdouble3
	trial 97: page = 8, input = mouseringdouble3
	trial 98: page = 8, input = mouseringdouble3
	trial 99: page = 8, input = mouseringdouble3
	trial 100: page = 8, input = mouseringdouble3
	trial 101: page = 3, input = mouseringdouble1
	trial 102: page = 3, input = mouseringdouble1
	trial 103: page = 3, input = mouseringdouble1
	trial 104: page = 3, input = mouseringdouble1
	trial 105: page = 3, input = mouseringdouble1
	trial 106: page = 1, input = mouseringdouble1
	trial 107: page = 1, input = mouseringdouble1
	trial 108: page = 1, input = mouseringdouble1
	trial 109: page = 1, input = mouseringdouble1
	trial 110: page = 1, input = mouseringdouble1
	trial 111: page = 6, input = mouseringdouble1
	trial 112: page = 6, input = mouseringdouble1
	trial 113: page = 6, input = mouseringdouble1
	trial 114: page = 6, input = mouseringdouble1
	trial 115: page = 6, input = mouseringdouble1
	trial 116: page = 4, input = mouseringdouble1
	trial 117: page = 4, input = mouseringdouble1
	trial 118: page = 4, input = mouseringdouble1
	trial 119: page = 4, input = mouseringdouble1
	trial 120: page = 4, input = mouseringdouble1
	trial 121: page = 7, input = mouseringdouble1
	trial 122: page = 7, input = mouseringdouble1
	trial 123: page = 7, input = mouseringdouble1
	trial 124: page = 7, input = mouseringdouble1
	trial 125: page = 7, input = mouseringdouble1
	trial 126: page = 10, input = mouseringdouble1
	trial 127: page = 10, input = mouseringdouble1
	trial 128: page = 10, input = mouseringdouble1
	trial 129: page = 10, input = mouseringdouble1
	trial 130: page = 10, input = mouseringdouble1
	trial 131: page = 2, input = mouseringdouble1
	trial 132: page = 2, input = mouseringdouble1
	trial 133: page = 2, input = mouseringdouble1
	trial 134: page = 2, input = mouseringdouble1
	trial 135: page = 2, input = mouseringdouble1
	trial 136: page = 5, input = mouseringdouble1
	trial 137: page = 5, input = mouseringdouble1
	trial 138: page = 5, input = mouseringdouble1
	trial 139: page = 5, input = mouseringdouble1
	trial 140: page = 5, input = mouseringdouble1
	trial 141: page = 9, input = mouseringdouble1
	trial 142: page = 9, input = mouseringdouble1
	trial 143: page = 9, input = mouseringdouble1
	trial 144: page = 9, input = mouseringdouble1
	trial 145: page = 9, input = mouseringdouble1
	trial 146: page = 8, input = mouseringdouble1
	trial 147: page = 8, input = mouseringdouble1
	trial 148: page = 8, input = mouseringdouble1
	trial 149: page = 8, input = mouseringdouble1
	trial 150: page = 8, input = mouseringdouble1
	trial 151: page = 3, input = mouseringsingle3
	trial 152: page = 3, input = mouseringsingle3
	trial 153: page = 3, input = mouseringsingle3
	trial 154: page = 3, input = mouseringsingle3
	trial 155: page = 3, input = mouseringsingle3
	trial 156: page = 1, input = mouseringsingle3
	trial 157: page = 1, input = mouseringsingle3
	trial 158: page = 1, input = mouseringsingle3
	trial 159: page = 1, input = mouseringsingle3
	trial 160: page = 1, input = mouseringsingle3
	trial 161: page = 6, input = mouseringsingle3
	trial 162: page = 6, input = mouseringsingle3
	trial 163: page = 6, input = mouseringsingle3
	trial 164: page = 6, input = mouseringsingle3
	trial 165: page = 6, input = mouseringsingle3
	trial 166: page = 4, input = mouseringsingle3
	trial 167: page = 4, input = mouseringsingle3
	trial 168: page = 4, input = mouseringsingle3
	trial 169: page = 4, input = mouseringsingle3
	trial 170: page = 4, input = mouseringsingle3
	trial 171: page = 7, input = mouseringsingle3
	trial 172: page = 7, input = mouseringsingle3
	trial 173: page = 7, input = mouseringsingle3
	trial 174: page = 7, input = mouseringsingle3
	trial 175: page = 7, input = mouseringsingle3
	trial 176: page = 10, input = mouseringsingle3
	trial 177: page = 10, input = mouseringsingle3
	trial 178: page = 10, input = mouseringsingle3
	trial 179: page = 10, input = mouseringsingle3
	trial 180: page = 10, input = mouseringsingle3
	trial 181: page = 2, input = mouseringsingle3
	trial 182: page = 2, input = mouseringsingle3
	trial 183: page = 2, input = mouseringsingle3
	trial 184: page = 2, input = mouseringsingle3
	trial 185: page = 2, input = mouseringsingle3
	trial 186: page = 5, input = mouseringsingle3
	trial 187: page = 5, input = mouseringsingle3
	trial 188: page = 5, input = mouseringsingle3
	trial 189: page = 5, input = mouseringsingle3
	trial 190: page = 5, input = mouseringsingle3
	trial 191: page = 9, input = mouseringsingle3
	trial 192: page = 9, input = mouseringsingle3
	trial 193: page = 9, input = mouseringsingle3
	trial 194: page = 9, input = mouseringsingle3
	trial 195: page = 9, input = mouseringsingle3
	trial 196: page = 8, input = mouseringsingle3
	trial 197: page = 8, input = mouseringsingle3
	trial 198: page = 8, input = mouseringsingle3
	trial 199: page = 8, input = mouseringsingle3
	trial 200: page = 8, input = mouseringsingle3
	trial 201: page = 3, input = airmouse2
	trial 202: page = 3, input = airmouse2
	trial 203: page = 3, input = airmouse2
	trial 204: page = 3, input = airmouse2
	trial 205: page = 3, input = airmouse2
	trial 206: page = 1, input = airmouse2
	trial 207: page = 1, input = airmouse2
	trial 208: page = 1, input = airmouse2
	trial 209: page = 1, input = airmouse2
	trial 210: page = 1, input = airmouse2
	trial 211: page = 6, input = airmouse2
	trial 212: page = 6, input = airmouse2
	trial 213: page = 6, input = airmouse2
	trial 214: page = 6, input = airmouse2
	trial 215: page = 6, input = airmouse2
	trial 216: page = 4, input = airmouse2
	trial 217: page = 4, input = airmouse2
	trial 218: page = 4, input = airmouse2
	trial 219: page = 4, input = airmouse2
	trial 220: page = 4, input = airmouse2
	trial 221: page = 7, input = airmouse2
	trial 222: page = 7, input = airmouse2
	trial 223: page = 7, input = airmouse2
	trial 224: page = 7, input = airmouse2
	trial 225: page = 7, input = airmouse2
	trial 226: page = 10, input = airmouse2
	trial 227: page = 10, input = airmouse2
	trial 228: page = 10, input = airmouse2
	trial 229: page = 10, input = airmouse2
	trial 230: page = 10, input = airmouse2
	trial 231: page = 2, input = airmouse2
	trial 232: page = 2, input = airmouse2
	trial 233: page = 2, input = airmouse2
	trial 234: page = 2, input = airmouse2
	trial 235: page = 2, input = airmouse2
	trial 236: page = 5, input = airmouse2
	trial 237: page = 5, input = airmouse2
	trial 238: page = 5, input = airmouse2
	trial 239: page = 5, input = airmouse2
	trial 240: page = 5, input = airmouse2
	trial 241: page = 9, input = airmouse2
	trial 242: page = 9, input = airmouse2
	trial 243: page = 9, input = airmouse2
	trial 244: page = 9, input = airmouse2
	trial 245: page = 9, input = airmouse2
	trial 246: page = 8, input = airmouse2
	trial 247: page = 8, input = airmouse2
	trial 248: page = 8, input = airmouse2
	trial 249: page = 8, input = airmouse2
	trial 250: page = 8, input = airmouse2
	trial 251: page = 3, input = touchpad1
	trial 252: page = 3, input = touchpad1
	trial 253: page = 3, input = touchpad1
	trial 254: page = 3, input = touchpad1
	trial 255: page = 3, input = touchpad1
	trial 256: page = 1, input = touchpad1
	trial 257: page = 1, input = touchpad1
	trial 258: page = 1, input = touchpad1
	trial 259: page = 1, input = touchpad1
	trial 260: page = 1, input = touchpad1
	trial 261: page = 6, input = touchpad1
	trial 262: page = 6, input = touchpad1
	trial 263: page = 6, input = touchpad1
	trial 264: page = 6, input = touchpad1
	trial 265: page = 6, input = touchpad1
	trial 266: page = 4, input = touchpad1
	trial 267: page = 4, input = touchpad1
	trial 268: page = 4, input = touchpad1
	trial 269: page = 4, input = touchpad1
	trial 270: page = 4, input = touchpad1
	trial 271: page = 7, input = touchpad1
	trial 272: page = 7, input = touchpad1
	trial 273: page = 7, input = touchpad1
	trial 274: page = 7, input = touchpad1
	trial 275: page = 7, input = touchpad1
	trial 276: page = 10, input = touchpad1
	trial 277: page = 10, input = touchpad1
	trial 278: page = 10, input = touchpad1
	trial 279: page = 10, input = touchpad1
	trial 280: page = 10, input = touchpad1
	trial 281: page = 2, input = touchpad1
	trial 282: page = 2, input = touchpad1
	trial 283: page = 2, input = touchpad1
	trial 284: page = 2, input = touchpad1
	trial 285: page = 2, input = touchpad1
	trial 286: page = 5, input = touchpad1
	trial 287: page = 5, input = touchpad1
	trial 288: page = 5, input = touchpad1
	trial 289: page = 5, input = touchpad1
	trial 290: page = 5, input = touchpad1
	trial 291: page = 9, input = touchpad1
	trial 292: page = 9, input = touchpad1
	trial 293: page = 9, input = touchpad1
	trial 294: page = 9, input = touchpad1
	trial 295: page = 9, input = touchpad1
	trial 296: page = 8, input = touchpad1
	trial 297: page = 8, input = touchpad1
	trial 298: page = 8, input = touchpad1
	trial 299: page = 8, input = touchpad1
	trial 300: page = 8, input = touchpad1
	trial 301: page = 3, input = mouseringsingle2
	trial 302: page = 3, input = mouseringsingle2
	trial 303: page = 3, input = mouseringsingle2
	trial 304: page = 3, input = mouseringsingle2
	trial 305: page = 3, input = mouseringsingle2
	trial 306: page = 1, input = mouseringsingle2
	trial 307: page = 1, input = mouseringsingle2
	trial 308: page = 1, input = mouseringsingle2
	trial 309: page = 1, input = mouseringsingle2
	trial 310: page = 1, input = mouseringsingle2
	trial 311: page = 6, input = mouseringsingle2
	trial 312: page = 6, input = mouseringsingle2
	trial 313: page = 6, input = mouseringsingle2
	trial 314: page = 6, input = mouseringsingle2
	trial 315: page = 6, input = mouseringsingle2
	trial 316: page = 4, input = mouseringsingle2
	trial 317: page = 4, input = mouseringsingle2
	trial 318: page = 4, input = mouseringsingle2
	trial 319: page = 4, input = mouseringsingle2
	trial 320: page = 4, input = mouseringsingle2
	trial 321: page = 7, input = mouseringsingle2
	trial 322: page = 7, input = mouseringsingle2
	trial 323: page = 7, input = mouseringsingle2
	trial 324: page = 7, input = mouseringsingle2
	trial 325: page = 7, input = mouseringsingle2
	trial 326: page = 10, input = mouseringsingle2
	trial 327: page = 10, input = mouseringsingle2
	trial 328: page = 10, input = mouseringsingle2
	trial 329: page = 10, input = mouseringsingle2
	trial 330: page = 10, input = mouseringsingle2
	trial 331: page = 2, input = mouseringsingle2
	trial 332: page = 2, input = mouseringsingle2
	trial 333: page = 2, input = mouseringsingle2
	trial 334: page = 2, input = mouseringsingle2
	trial 335: page = 2, input = mouseringsingle2
	trial 336: page = 5, input = mouseringsingle2
	trial 337: page = 5, input = mouseringsingle2
	trial 338: page = 5, input = mouseringsingle2
	trial 339: page = 5, input = mouseringsingle2
	trial 340: page = 5, input = mouseringsingle2
	trial 341: page = 9, input = mouseringsingle2
	trial 342: page = 9, input = mouseringsingle2
	trial 343: page = 9, input = mouseringsingle2
	trial 344: page = 9, input = mouseringsingle2
	trial 345: page = 9, input = mouseringsingle2
	trial 346: page = 8, input = mouseringsingle2
	trial 347: page = 8, input = mouseringsingle2
	trial 348: page = 8, input = mouseringsingle2
	trial 349: page = 8, input = mouseringsingle2
	trial 350: page = 8, input = mouseringsingle2
	trial 351: page = 3, input = mouseringdouble4
	trial 352: page = 3, input = mouseringdouble4
	trial 353: page = 3, input = mouseringdouble4
	trial 354: page = 3, input = mouseringdouble4
	trial 355: page = 3, input = mouseringdouble4
	trial 356: page = 1, input = mouseringdouble4
	trial 357: page = 1, input = mouseringdouble4
	trial 358: page = 1, input = mouseringdouble4
	trial 359: page = 1, input = mouseringdouble4
	trial 360: page = 1, input = mouseringdouble4
	trial 361: page = 6, input = mouseringdouble4
	trial 362: page = 6, input = mouseringdouble4
	trial 363: page = 6, input = mouseringdouble4
	trial 364: page = 6, input = mouseringdouble4
	trial 365: page = 6, input = mouseringdouble4
	trial 366: page = 4, input = mouseringdouble4
	trial 367: page = 4, input = mouseringdouble4
	trial 368: page = 4, input = mouseringdouble4
	trial 369: page = 4, input = mouseringdouble4
	trial 370: page = 4, input = mouseringdouble4
	trial 371: page = 7, input = mouseringdouble4
	trial 372: page = 7, input = mouseringdouble4
	trial 373: page = 7, input = mouseringdouble4
	trial 374: page = 7, input = mouseringdouble4
	trial 375: page = 7, input = mouseringdouble4
	trial 376: page = 10, input = mouseringdouble4
	trial 377: page = 10, input = mouseringdouble4
	trial 378: page = 10, input = mouseringdouble4
	trial 379: page = 10, input = mouseringdouble4
	trial 380: page = 10, input = mouseringdouble4
	trial 381: page = 2, input = mouseringdouble4
	trial 382: page = 2, input = mouseringdouble4
	trial 383: page = 2, input = mouseringdouble4
	trial 384: page = 2, input = mouseringdouble4
	trial 385: page = 2, input = mouseringdouble4
	trial 386: page = 5, input = mouseringdouble4
	trial 387: page = 5, input = mouseringdouble4
	trial 388: page = 5, input = mouseringdouble4
	trial 389: page = 5, input = mouseringdouble4
	trial 390: page = 5, input = mouseringdouble4
	trial 391: page = 9, input = mouseringdouble4
	trial 392: page = 9, input = mouseringdouble4
	trial 393: page = 9, input = mouseringdouble4
	trial 394: page = 9, input = mouseringdouble4
	trial 395: page = 9, input = mouseringdouble4
	trial 396: page = 8, input = mouseringdouble4
	trial 397: page = 8, input = mouseringdouble4
	trial 398: page = 8, input = mouseringdouble4
	trial 399: page = 8, input = mouseringdouble4
	trial 400: page = 8, input = mouseringdouble4
	trial 401: page = 3, input = mouseringdouble2
	trial 402: page = 3, input = mouseringdouble2
	trial 403: page = 3, input = mouseringdouble2
	trial 404: page = 3, input = mouseringdouble2
	trial 405: page = 3, input = mouseringdouble2
	trial 406: page = 1, input = mouseringdouble2
	trial 407: page = 1, input = mouseringdouble2
	trial 408: page = 1, input = mouseringdouble2
	trial 409: page = 1, input = mouseringdouble2
	trial 410: page = 1, input = mouseringdouble2
	trial 411: page = 6, input = mouseringdouble2
	trial 412: page = 6, input = mouseringdouble2
	trial 413: page = 6, input = mouseringdouble2
	trial 414: page = 6, input = mouseringdouble2
	trial 415: page = 6, input = mouseringdouble2
	trial 416: page = 4, input = mouseringdouble2
	trial 417: page = 4, input = mouseringdouble2
	trial 418: page = 4, input = mouseringdouble2
	trial 419: page = 4, input = mouseringdouble2
	trial 420: page = 4, input = mouseringdouble2
	trial 421: page = 7, input = mouseringdouble2
	trial 422: page = 7, input = mouseringdouble2
	trial 423: page = 7, input = mouseringdouble2
	trial 424: page = 7, input = mouseringdouble2
	trial 425: page = 7, input = mouseringdouble2
	trial 426: page = 10, input = mouseringdouble2
	trial 427: page = 10, input = mouseringdouble2
	trial 428: page = 10, input = mouseringdouble2
	trial 429: page = 10, input = mouseringdouble2
	trial 430: page = 10, input = mouseringdouble2
	trial 431: page = 2, input = mouseringdouble2
	trial 432: page = 2, input = mouseringdouble2
	trial 433: page = 2, input = mouseringdouble2
	trial 434: page = 2, input = mouseringdouble2
	trial 435: page = 2, input = mouseringdouble2
	trial 436: page = 5, input = mouseringdouble2
	trial 437: page = 5, input = mouseringdouble2
	trial 438: page = 5, input = mouseringdouble2
	trial 439: page = 5, input = mouseringdouble2
	trial 440: page = 5, input = mouseringdouble2
	trial 441: page = 9, input = mouseringdouble2
	trial 442: page = 9, input = mouseringdouble2
	trial 443: page = 9, input = mouseringdouble2
	trial 444: page = 9, input = mouseringdouble2
	trial 445: page = 9, input = mouseringdouble2
	trial 446: page = 8, input = mouseringdouble2
	trial 447: page = 8, input = mouseringdouble2
	trial 448: page = 8, input = mouseringdouble2
	trial 449: page = 8, input = mouseringdouble2
	trial 450: page = 8, input = mouseringdouble2
	trial 451: page = 3, input = mouseringsingle1
	trial 452: page = 3, input = mouseringsingle1
	trial 453: page = 3, input = mouseringsingle1
	trial 454: page = 3, input = mouseringsingle1
	trial 455: page = 3, input = mouseringsingle1
	trial 456: page = 1, input = mouseringsingle1
	trial 457: page = 1, input = mouseringsingle1
	trial 458: page = 1, input = mouseringsingle1
	trial 459: page = 1, input = mouseringsingle1
	trial 460: page = 1, input = mouseringsingle1
	trial 461: page = 6, input = mouseringsingle1
	trial 462: page = 6, input = mouseringsingle1
	trial 463: page = 6, input = mouseringsingle1
	trial 464: page = 6, input = mouseringsingle1
	trial 465: page = 6, input = mouseringsingle1
	trial 466: page = 4, input = mouseringsingle1
	trial 467: page = 4, input = mouseringsingle1
	trial 468: page = 4, input = mouseringsingle1
	trial 469: page = 4, input = mouseringsingle1
	trial 470: page = 4, input = mouseringsingle1
	trial 471: page = 7, input = mouseringsingle1
	trial 472: page = 7, input = mouseringsingle1
	trial 473: page = 7, input = mouseringsingle1
	trial 474: page = 7, input = mouseringsingle1
	trial 475: page = 7, input = mouseringsingle1
	trial 476: page = 10, input = mouseringsingle1
	trial 477: page = 10, input = mouseringsingle1
	trial 478: page = 10, input = mouseringsingle1
	trial 479: page = 10, input = mouseringsingle1
	trial 480: page = 10, input = mouseringsingle1
	trial 481: page = 2, input = mouseringsingle1
	trial 482: page = 2, input = mouseringsingle1
	trial 483: page = 2, input = mouseringsingle1
	trial 484: page = 2, input = mouseringsingle1
	trial 485: page = 2, input = mouseringsingle1
	trial 486: page = 5, input = mouseringsingle1
	trial 487: page = 5, input = mouseringsingle1
	trial 488: page = 5, input = mouseringsingle1
	trial 489: page = 5, input = mouseringsingle1
	trial 490: page = 5, input = mouseringsingle1
	trial 491: page = 9, input = mouseringsingle1
	trial 492: page = 9, input = mouseringsingle1
	trial 493: page = 9, input = mouseringsingle1
	trial 494: page = 9, input = mouseringsingle1
	trial 495: page = 9, input = mouseringsingle1
	trial 496: page = 8, input = mouseringsingle1
	trial 497: page = 8, input = mouseringsingle1
	trial 498: page = 8, input = mouseringsingle1
	trial 499: page = 8, input = mouseringsingle1
	trial 500: page = 8, input = mouseringsingle1
	trial 501: page = 3, input = mouseringsingle4
	trial 502: page = 3, input = mouseringsingle4
	trial 503: page = 3, input = mouseringsingle4
	trial 504: page = 3, input = mouseringsingle4
	trial 505: page = 3, input = mouseringsingle4
	trial 506: page = 1, input = mouseringsingle4
	trial 507: page = 1, input = mouseringsingle4
	trial 508: page = 1, input = mouseringsingle4
	trial 509: page = 1, input = mouseringsingle4
	trial 510: page = 1, input = mouseringsingle4
	trial 511: page = 6, input = mouseringsingle4
	trial 512: page = 6, input = mouseringsingle4
	trial 513: page = 6, input = mouseringsingle4
	trial 514: page = 6, input = mouseringsingle4
	trial 515: page = 6, input = mouseringsingle4
	trial 516: page = 4, input = mouseringsingle4
	trial 517: page = 4, input = mouseringsingle4
	trial 518: page = 4, input = mouseringsingle4
	trial 519: page = 4, input = mouseringsingle4
	trial 520: page = 4, input = mouseringsingle4
	trial 521: page = 7, input = mouseringsingle4
	trial 522: page = 7, input = mouseringsingle4
	trial 523: page = 7, input = mouseringsingle4
	trial 524: page = 7, input = mouseringsingle4
	trial 525: page = 7, input = mouseringsingle4
	trial 526: page = 10, input = mouseringsingle4
	trial 527: page = 10, input = mouseringsingle4
	trial 528: page = 10, input = mouseringsingle4
	trial 529: page = 10, input = mouseringsingle4
	trial 530: page = 10, input = mouseringsingle4
	trial 531: page = 2, input = mouseringsingle4
	trial 532: page = 2, input = mouseringsingle4
	trial 533: page = 2, input = mouseringsingle4
	trial 534: page = 2, input = mouseringsingle4
	trial 535: page = 2, input = mouseringsingle4
	trial 536: page = 5, input = mouseringsingle4
	trial 537: page = 5, input = mouseringsingle4
	trial 538: page = 5, input = mouseringsingle4
	trial 539: page = 5, input = mouseringsingle4
	trial 540: page = 5, input = mouseringsingle4
	trial 541: page = 9, input = mouseringsingle4
	trial 542: page = 9, input = mouseringsingle4
	trial 543: page = 9, input = mouseringsingle4
	trial 544: page = 9, input = mouseringsingle4
	trial 545: page = 9, input = mouseringsingle4
	trial 546: page = 8, input = mouseringsingle4
	trial 547: page = 8, input = mouseringsingle4
	trial 548: page = 8, input = mouseringsingle4
	trial 549: page = 8, input = mouseringsingle4
	trial 550: page = 8, input = mouseringsingle4
	trial 551: page = 3, input = airmouse1
	trial 552: page = 3, input = airmouse1
	trial 553: page = 3, input = airmouse1
	trial 554: page = 3, input = airmouse1
	trial 555: page = 3, input = airmouse1
	trial 556: page = 1, input = airmouse1
	trial 557: page = 1, input = airmouse1
	trial 558: page = 1, input = airmouse1
	trial 559: page = 1, input = airmouse1
	trial 560: page = 1, input = airmouse1
	trial 561: page = 6, input = airmouse1
	trial 562: page = 6, input = airmouse1
	trial 563: page = 6, input = airmouse1
	trial 564: page = 6, input = airmouse1
	trial 565: page = 6, input = airmouse1
	trial 566: page = 4, input = airmouse1
	trial 567: page = 4, input = airmouse1
	trial 568: page = 4, input = airmouse1
	trial 569: page = 4, input = airmouse1
	trial 570: page = 4, input = airmouse1
	trial 571: page = 7, input = airmouse1
	trial 572: page = 7, input = airmouse1
	trial 573: page = 7, input = airmouse1
	trial 574: page = 7, input = airmouse1
	trial 575: page = 7, input = airmouse1
	trial 576: page = 10, input = airmouse1
	trial 577: page = 10, input = airmouse1
	trial 578: page = 10, input = airmouse1
	trial 579: page = 10, input = airmouse1
	trial 580: page = 10, input = airmouse1
	trial 581: page = 2, input = airmouse1
	trial 582: page = 2, input = airmouse1
	trial 583: page = 2, input = airmouse1
	trial 584: page = 2, input = airmouse1
	trial 585: page = 2, input = airmouse1
	trial 586: page = 5, input = airmouse1
	trial 587: page = 5, input = airmouse1
	trial 588: page = 5, input = airmouse1
	trial 589: page = 5, input = airmouse1
	trial 590: page = 5, input = airmouse1
	trial 591: page = 9, input = airmouse1
	trial 592: page = 9, input = airmouse1
	trial 593: page = 9, input = airmouse1
	trial 594: page = 9, input = airmouse1
	trial 595: page = 9, input = airmouse1
	trial 596: page = 8, input = airmouse1
	trial 597: page = 8, input = airmouse1
	trial 598: page = 8, input = airmouse1
	trial 599: page = 8, input = airmouse1
	trial 600: page = 8, input = airmouse1
plan 8:
	trial 1: page = 3, input = touchpad2
	trial 2: page = 3, input = touchpad2
	trial 3: page = 3, input = touchpad2
	trial 4: page = 3, input = touchpad2
	trial 5: page = 3, input = touchpad2
	trial 6: page = 1, input = touchpad2
	trial 7: page = 1, input = touchpad2
	trial 8: page = 1, input = touchpad2
	trial 9: page = 1, input = touchpad2
	trial 10: page = 1, input = touchpad2
	trial 11: page = 6, input = touchpad2
	trial 12: page = 6, input = touchpad2
	trial 13: page = 6, input = touchpad2
	trial 14: page = 6, input = touchpad2
	trial 15: page = 6, input = touchpad2
	trial 16: page = 4, input = touchpad2
	trial 17: page = 4, input = touchpad2
	trial 18: page = 4, input = touchpad2
	trial 19: page = 4, input = touchpad2
	trial 20: page = 4, input = touchpad2
	trial 21: page = 7, input = touchpad2
	trial 22: page = 7, input = touchpad2
	trial 23: page = 7, input = touchpad2
	trial 24: page = 7, input = touchpad2
	trial 25: page = 7, input = touchpad2
	trial 26: page = 10, input = touchpad2
	trial 27: page = 10, input = touchpad2
	trial 28: page = 10, input = touchpad2
	trial 29: page = 10, input = touchpad2
	trial 30: page = 10, input = touchpad2
	trial 31: page = 2, input = touchpad2
	trial 32: page = 2, input = touchpad2
	trial 33: page = 2, input = touchpad2
	trial 34: page = 2, input = touchpad2
	trial 35: page = 2, input = touchpad2
	trial 36: page = 5, input = touchpad2
	trial 37: page = 5, input = touchpad2
	trial 38: page = 5, input = touchpad2
	trial 39: page = 5, input = touchpad2
	trial 40: page = 5, input = touchpad2
	trial 41: page = 9, input = touchpad2
	trial 42: page = 9, input = touchpad2
	trial 43: page = 9, input = touchpad2
	trial 44: page = 9, input = touchpad2
	trial 45: page = 9, input = touchpad2
	trial 46: page = 8, input = touchpad2
	trial 47: page = 8, input = touchpad2
	trial 48: page = 8, input = touchpad2
	trial 49: page = 8, input = touchpad2
	trial 50: page = 8, input = touchpad2
	trial 51: page = 3, input = mouseringsingle3
	trial 52: page = 3, input = mouseringsingle3
	trial 53: page = 3, input = mouseringsingle3
	trial 54: page = 3, input = mouseringsingle3
	trial 55: page = 3, input = mouseringsingle3
	trial 56: page = 1, input = mouseringsingle3
	trial 57: page = 1, input = mouseringsingle3
	trial 58: page = 1, input = mouseringsingle3
	trial 59: page = 1, input = mouseringsingle3
	trial 60: page = 1, input = mouseringsingle3
	trial 61: page = 6, input = mouseringsingle3
	trial 62: page = 6, input = mouseringsingle3
	trial 63: page = 6, input = mouseringsingle3
	trial 64: page = 6, input = mouseringsingle3
	trial 65: page = 6, input = mouseringsingle3
	trial 66: page = 4, input = mouseringsingle3
	trial 67: page = 4, input = mouseringsingle3
	trial 68: page = 4, input = mouseringsingle3
	trial 69: page = 4, input = mouseringsingle3
	trial 70: page = 4, input = mouseringsingle3
	trial 71: page = 7, input = mouseringsingle3
	trial 72: page = 7, input = mouseringsingle3
	trial 73: page = 7, input = mouseringsingle3
	trial 74: page = 7, input = mouseringsingle3
	trial 75: page = 7, input = mouseringsingle3
	trial 76: page = 10, input = mouseringsingle3
	trial 77: page = 10, input = mouseringsingle3
	trial 78: page = 10, input = mouseringsingle3
	trial 79: page = 10, input = mouseringsingle3
	trial 80: page = 10, input = mouseringsingle3
	trial 81: page = 2, input = mouseringsingle3
	trial 82: page = 2, input = mouseringsingle3
	trial 83: page = 2, input = mouseringsingle3
	trial 84: page = 2, input = mouseringsingle3
	trial 85: page = 2, input = mouseringsingle3
	trial 86: page = 5, input = mouseringsingle3
	trial 87: page = 5, input = mouseringsingle3
	trial 88: page = 5, input = mouseringsingle3
	trial 89: page = 5, input = mouseringsingle3
	trial 90: page = 5, input = mouseringsingle3
	trial 91: page = 9, input = mouseringsingle3
	trial 92: page = 9, input = mouseringsingle3
	trial 93: page = 9, input = mouseringsingle3
	trial 94: page = 9, input = mouseringsingle3
	trial 95: page = 9, input = mouseringsingle3
	trial 96: page = 8, input = mouseringsingle3
	trial 97: page = 8, input = mouseringsingle3
	trial 98: page = 8, input = mouseringsingle3
	trial 99: page = 8, input = mouseringsingle3
	trial 100: page = 8, input = mouseringsingle3
	trial 101: page = 3, input = mouseringdouble4
	trial 102: page = 3, input = mouseringdouble4
	trial 103: page = 3, input = mouseringdouble4
	trial 104: page = 3, input = mouseringdouble4
	trial 105: page = 3, input = mouseringdouble4
	trial 106: page = 1, input = mouseringdouble4
	trial 107: page = 1, input = mouseringdouble4
	trial 108: page = 1, input = mouseringdouble4
	trial 109: page = 1, input = mouseringdouble4
	trial 110: page = 1, input = mouseringdouble4
	trial 111: page = 6, input = mouseringdouble4
	trial 112: page = 6, input = mouseringdouble4
	trial 113: page = 6, input = mouseringdouble4
	trial 114: page = 6, input = mouseringdouble4
	trial 115: page = 6, input = mouseringdouble4
	trial 116: page = 4, input = mouseringdouble4
	trial 117: page = 4, input = mouseringdouble4
	trial 118: page = 4, input = mouseringdouble4
	trial 119: page = 4, input = mouseringdouble4
	trial 120: page = 4, input = mouseringdouble4
	trial 121: page = 7, input = mouseringdouble4
	trial 122: page = 7, input = mouseringdouble4
	trial 123: page = 7, input = mouseringdouble4
	trial 124: page = 7, input = mouseringdouble4
	trial 125: page = 7, input = mouseringdouble4
	trial 126: page = 10, input = mouseringdouble4
	trial 127: page = 10, input = mouseringdouble4
	trial 128: page = 10, input = mouseringdouble4
	trial 129: page = 10, input = mouseringdouble4
	trial 130: page = 10, input = mouseringdouble4
	trial 131: page = 2, input = mouseringdouble4
	trial 132: page = 2, input = mouseringdouble4
	trial 133: page = 2, input = mouseringdouble4
	trial 134: page = 2, input = mouseringdouble4
	trial 135: page = 2, input = mouseringdouble4
	trial 136: page = 5, input = mouseringdouble4
	trial 137: page = 5, input = mouseringdouble4
	trial 138: page = 5, input = mouseringdouble4
	trial 139: page = 5, input = mouseringdouble4
	trial 140: page = 5, input = mouseringdouble4
	trial 141: page = 9, input = mouseringdouble4
	trial 142: page = 9, input = mouseringdouble4
	trial 143: page = 9, input = mouseringdouble4
	trial 144: page = 9, input = mouseringdouble4
	trial 145: page = 9, input = mouseringdouble4
	trial 146: page = 8, input = mouseringdouble4
	trial 147: page = 8, input = mouseringdouble4
	trial 148: page = 8, input = mouseringdouble4
	trial 149: page = 8, input = mouseringdouble4
	trial 150: page = 8, input = mouseringdouble4
	trial 151: page = 3, input = airmouse2
	trial 152: page = 3, input = airmouse2
	trial 153: page = 3, input = airmouse2
	trial 154: page = 3, input = airmouse2
	trial 155: page = 3, input = airmouse2
	trial 156: page = 1, input = airmouse2
	trial 157: page = 1, input = airmouse2
	trial 158: page = 1, input = airmouse2
	trial 159: page = 1, input = airmouse2
	trial 160: page = 1, input = airmouse2
	trial 161: page = 6, input = airmouse2
	trial 162: page = 6, input = airmouse2
	trial 163: page = 6, input = airmouse2
	trial 164: page = 6, input = airmouse2
	trial 165: page = 6, input = airmouse2
	trial 166: page = 4, input = airmouse2
	trial 167: page = 4, input = airmouse2
	trial 168: page = 4, input = airmouse2
	trial 169: page = 4, input = airmouse2
	trial 170: page = 4, input = airmouse2
	trial 171: page = 7, input = airmouse2
	trial 172: page = 7, input = airmouse2
	trial 173: page = 7, input = airmouse2
	trial 174: page = 7, input = airmouse2
	trial 175: page = 7, input = airmouse2
	trial 176: page = 10, input = airmouse2
	trial 177: page = 10, input = airmouse2
	trial 178: page = 10, input = airmouse2
	trial 179: page = 10, input = airmouse2
	trial 180: page = 10, input = airmouse2
	trial 181: page = 2, input = airmouse2
	trial 182: page = 2, input = airmouse2
	trial 183: page = 2, input = airmouse2
	trial 184: page = 2, input = airmouse2
	trial 185: page = 2, input = airmouse2
	trial 186: page = 5, input = airmouse2
	trial 187: page = 5, input = airmouse2
	trial 188: page = 5, input = airmouse2
	trial 189: page = 5, input = airmouse2
	trial 190: page = 5, input = airmouse2
	trial 191: page = 9, input = airmouse2
	trial 192: page = 9, input = airmouse2
	trial 193: page = 9, input = airmouse2
	trial 194: page = 9, input = airmouse2
	trial 195: page = 9, input = airmouse2
	trial 196: page = 8, input = airmouse2
	trial 197: page = 8, input = airmouse2
	trial 198: page = 8, input = airmouse2
	trial 199: page = 8, input = airmouse2
	trial 200: page = 8, input = airmouse2
	trial 201: page = 3, input = mouseringdouble2
	trial 202: page = 3, input = mouseringdouble2
	trial 203: page = 3, input = mouseringdouble2
	trial 204: page = 3, input = mouseringdouble2
	trial 205: page = 3, input = mouseringdouble2
	trial 206: page = 1, input = mouseringdouble2
	trial 207: page = 1, input = mouseringdouble2
	trial 208: page = 1, input = mouseringdouble2
	trial 209: page = 1, input = mouseringdouble2
	trial 210: page = 1, input = mouseringdouble2
	trial 211: page = 6, input = mouseringdouble2
	trial 212: page = 6, input = mouseringdouble2
	trial 213: page = 6, input = mouseringdouble2
	trial 214: page = 6, input = mouseringdouble2
	trial 215: page = 6, input = mouseringdouble2
	trial 216: page = 4, input = mouseringdouble2
	trial 217: page = 4, input = mouseringdouble2
	trial 218: page = 4, input = mouseringdouble2
	trial 219: page = 4, input = mouseringdouble2
	trial 220: page = 4, input = mouseringdouble2
	trial 221: page = 7, input = mouseringdouble2
	trial 222: page = 7, input = mouseringdouble2
	trial 223: page = 7, input = mouseringdouble2
	trial 224: page = 7, input = mouseringdouble2
	trial 225: page = 7, input = mouseringdouble2
	trial 226: page = 10, input = mouseringdouble2
	trial 227: page = 10, input = mouseringdouble2
	trial 228: page = 10, input = mouseringdouble2
	trial 229: page = 10, input = mouseringdouble2
	trial 230: page = 10, input = mouseringdouble2
	trial 231: page = 2, input = mouseringdouble2
	trial 232: page = 2, input = mouseringdouble2
	trial 233: page = 2, input = mouseringdouble2
	trial 234: page = 2, input = mouseringdouble2
	trial 235: page = 2, input = mouseringdouble2
	trial 236: page = 5, input = mouseringdouble2
	trial 237: page = 5, input = mouseringdouble2
	trial 238: page = 5, input = mouseringdouble2
	trial 239: page = 5, input = mouseringdouble2
	trial 240: page = 5, input = mouseringdouble2
	trial 241: page = 9, input = mouseringdouble2
	trial 242: page = 9, input = mouseringdouble2
	trial 243: page = 9, input = mouseringdouble2
	trial 244: page = 9, input = mouseringdouble2
	trial 245: page = 9, input = mouseringdouble2
	trial 246: page = 8, input = mouseringdouble2
	trial 247: page = 8, input = mouseringdouble2
	trial 248: page = 8, input = mouseringdouble2
	trial 249: page = 8, input = mouseringdouble2
	trial 250: page = 8, input = mouseringdouble2
	trial 251: page = 3, input = mouseringdouble3
	trial 252: page = 3, input = mouseringdouble3
	trial 253: page = 3, input = mouseringdouble3
	trial 254: page = 3, input = mouseringdouble3
	trial 255: page = 3, input = mouseringdouble3
	trial 256: page = 1, input = mouseringdouble3
	trial 257: page = 1, input = mouseringdouble3
	trial 258: page = 1, input = mouseringdouble3
	trial 259: page = 1, input = mouseringdouble3
	trial 260: page = 1, input = mouseringdouble3
	trial 261: page = 6, input = mouseringdouble3
	trial 262: page = 6, input = mouseringdouble3
	trial 263: page = 6, input = mouseringdouble3
	trial 264: page = 6, input = mouseringdouble3
	trial 265: page = 6, input = mouseringdouble3
	trial 266: page = 4, input = mouseringdouble3
	trial 267: page = 4, input = mouseringdouble3
	trial 268: page = 4, input = mouseringdouble3
	trial 269: page = 4, input = mouseringdouble3
	trial 270: page = 4, input = mouseringdouble3
	trial 271: page = 7, input = mouseringdouble3
	trial 272: page = 7, input = mouseringdouble3
	trial 273: page = 7, input = mouseringdouble3
	trial 274: page = 7, input = mouseringdouble3
	trial 275: page = 7, input = mouseringdouble3
	trial 276: page = 10, input = mouseringdouble3
	trial 277: page = 10, input = mouseringdouble3
	trial 278: page = 10, input = mouseringdouble3
	trial 279: page = 10, input = mouseringdouble3
	trial 280: page = 10, input = mouseringdouble3
	trial 281: page = 2, input = mouseringdouble3
	trial 282: page = 2, input = mouseringdouble3
	trial 283: page = 2, input = mouseringdouble3
	trial 284: page = 2, input = mouseringdouble3
	trial 285: page = 2, input = mouseringdouble3
	trial 286: page = 5, input = mouseringdouble3
	trial 287: page = 5, input = mouseringdouble3
	trial 288: page = 5, input = mouseringdouble3
	trial 289: page = 5, input = mouseringdouble3
	trial 290: page = 5, input = mouseringdouble3
	trial 291: page = 9, input = mouseringdouble3
	trial 292: page = 9, input = mouseringdouble3
	trial 293: page = 9, input = mouseringdouble3
	trial 294: page = 9, input = mouseringdouble3
	trial 295: page = 9, input = mouseringdouble3
	trial 296: page = 8, input = mouseringdouble3
	trial 297: page = 8, input = mouseringdouble3
	trial 298: page = 8, input = mouseringdouble3
	trial 299: page = 8, input = mouseringdouble3
	trial 300: page = 8, input = mouseringdouble3
	trial 301: page = 3, input = mouseringdouble1
	trial 302: page = 3, input = mouseringdouble1
	trial 303: page = 3, input = mouseringdouble1
	trial 304: page = 3, input = mouseringdouble1
	trial 305: page = 3, input = mouseringdouble1
	trial 306: page = 1, input = mouseringdouble1
	trial 307: page = 1, input = mouseringdouble1
	trial 308: page = 1, input = mouseringdouble1
	trial 309: page = 1, input = mouseringdouble1
	trial 310: page = 1, input = mouseringdouble1
	trial 311: page = 6, input = mouseringdouble1
	trial 312: page = 6, input = mouseringdouble1
	trial 313: page = 6, input = mouseringdouble1
	trial 314: page = 6, input = mouseringdouble1
	trial 315: page = 6, input = mouseringdouble1
	trial 316: page = 4, input = mouseringdouble1
	trial 317: page = 4, input = mouseringdouble1
	trial 318: page = 4, input = mouseringdouble1
	trial 319: page = 4, input = mouseringdouble1
	trial 320: page = 4, input = mouseringdouble1
	trial 321: page = 7, input = mouseringdouble1
	trial 322: page = 7, input = mouseringdouble1
	trial 323: page = 7, input = mouseringdouble1
	trial 324: page = 7, input = mouseringdouble1
	trial 325: page = 7, input = mouseringdouble1
	trial 326: page = 10, input = mouseringdouble1
	trial 327: page = 10, input = mouseringdouble1
	trial 328: page = 10, input = mouseringdouble1
	trial 329: page = 10, input = mouseringdouble1
	trial 330: page = 10, input = mouseringdouble1
	trial 331: page = 2, input = mouseringdouble1
	trial 332: page = 2, input = mouseringdouble1
	trial 333: page = 2, input = mouseringdouble1
	trial 334: page = 2, input = mouseringdouble1
	trial 335: page = 2, input = mouseringdouble1
	trial 336: page = 5, input = mouseringdouble1
	trial 337: page = 5, input = mouseringdouble1
	trial 338: page = 5, input = mouseringdouble1
	trial 339: page = 5, input = mouseringdouble1
	trial 340: page = 5, input = mouseringdouble1
	trial 341: page = 9, input = mouseringdouble1
	trial 342: page = 9, input = mouseringdouble1
	trial 343: page = 9, input = mouseringdouble1
	trial 344: page = 9, input = mouseringdouble1
	trial 345: page = 9, input = mouseringdouble1
	trial 346: page = 8, input = mouseringdouble1
	trial 347: page = 8, input = mouseringdouble1
	trial 348: page = 8, input = mouseringdouble1
	trial 349: page = 8, input = mouseringdouble1
	trial 350: page = 8, input = mouseringdouble1
	trial 351: page = 3, input = mouseringsingle2
	trial 352: page = 3, input = mouseringsingle2
	trial 353: page = 3, input = mouseringsingle2
	trial 354: page = 3, input = mouseringsingle2
	trial 355: page = 3, input = mouseringsingle2
	trial 356: page = 1, input = mouseringsingle2
	trial 357: page = 1, input = mouseringsingle2
	trial 358: page = 1, input = mouseringsingle2
	trial 359: page = 1, input = mouseringsingle2
	trial 360: page = 1, input = mouseringsingle2
	trial 361: page = 6, input = mouseringsingle2
	trial 362: page = 6, input = mouseringsingle2
	trial 363: page = 6, input = mouseringsingle2
	trial 364: page = 6, input = mouseringsingle2
	trial 365: page = 6, input = mouseringsingle2
	trial 366: page = 4, input = mouseringsingle2
	trial 367: page = 4, input = mouseringsingle2
	trial 368: page = 4, input = mouseringsingle2
	trial 369: page = 4, input = mouseringsingle2
	trial 370: page = 4, input = mouseringsingle2
	trial 371: page = 7, input = mouseringsingle2
	trial 372: page = 7, input = mouseringsingle2
	trial 373: page = 7, input = mouseringsingle2
	trial 374: page = 7, input = mouseringsingle2
	trial 375: page = 7, input = mouseringsingle2
	trial 376: page = 10, input = mouseringsingle2
	trial 377: page = 10, input = mouseringsingle2
	trial 378: page = 10, input = mouseringsingle2
	trial 379: page = 10, input = mouseringsingle2
	trial 380: page = 10, input = mouseringsingle2
	trial 381: page = 2, input = mouseringsingle2
	trial 382: page = 2, input = mouseringsingle2
	trial 383: page = 2, input = mouseringsingle2
	trial 384: page = 2, input = mouseringsingle2
	trial 385: page = 2, input = mouseringsingle2
	trial 386: page = 5, input = mouseringsingle2
	trial 387: page = 5, input = mouseringsingle2
	trial 388: page = 5, input = mouseringsingle2
	trial 389: page = 5, input = mouseringsingle2
	trial 390: page = 5, input = mouseringsingle2
	trial 391: page = 9, input = mouseringsingle2
	trial 392: page = 9, input = mouseringsingle2
	trial 393: page = 9, input = mouseringsingle2
	trial 394: page = 9, input = mouseringsingle2
	trial 395: page = 9, input = mouseringsingle2
	trial 396: page = 8, input = mouseringsingle2
	trial 397: page = 8, input = mouseringsingle2
	trial 398: page = 8, input = mouseringsingle2
	trial 399: page = 8, input = mouseringsingle2
	trial 400: page = 8, input = mouseringsingle2
	trial 401: page = 3, input = touchpad1
	trial 402: page = 3, input = touchpad1
	trial 403: page = 3, input = touchpad1
	trial 404: page = 3, input = touchpad1
	trial 405: page = 3, input = touchpad1
	trial 406: page = 1, input = touchpad1
	trial 407: page = 1, input = touchpad1
	trial 408: page = 1, input = touchpad1
	trial 409: page = 1, input = touchpad1
	trial 410: page = 1, input = touchpad1
	trial 411: page = 6, input = touchpad1
	trial 412: page = 6, input = touchpad1
	trial 413: page = 6, input = touchpad1
	trial 414: page = 6, input = touchpad1
	trial 415: page = 6, input = touchpad1
	trial 416: page = 4, input = touchpad1
	trial 417: page = 4, input = touchpad1
	trial 418: page = 4, input = touchpad1
	trial 419: page = 4, input = touchpad1
	trial 420: page = 4, input = touchpad1
	trial 421: page = 7, input = touchpad1
	trial 422: page = 7, input = touchpad1
	trial 423: page = 7, input = touchpad1
	trial 424: page = 7, input = touchpad1
	trial 425: page = 7, input = touchpad1
	trial 426: page = 10, input = touchpad1
	trial 427: page = 10, input = touchpad1
	trial 428: page = 10, input = touchpad1
	trial 429: page = 10, input = touchpad1
	trial 430: page = 10, input = touchpad1
	trial 431: page = 2, input = touchpad1
	trial 432: page = 2, input = touchpad1
	trial 433: page = 2, input = touchpad1
	trial 434: page = 2, input = touchpad1
	trial 435: page = 2, input = touchpad1
	trial 436: page = 5, input = touchpad1
	trial 437: page = 5, input = touchpad1
	trial 438: page = 5, input = touchpad1
	trial 439: page = 5, input = touchpad1
	trial 440: page = 5, input = touchpad1
	trial 441: page = 9, input = touchpad1
	trial 442: page = 9, input = touchpad1
	trial 443: page = 9, input = touchpad1
	trial 444: page = 9, input = touchpad1
	trial 445: page = 9, input = touchpad1
	trial 446: page = 8, input = touchpad1
	trial 447: page = 8, input = touchpad1
	trial 448: page = 8, input = touchpad1
	trial 449: page = 8, input = touchpad1
	trial 450: page = 8, input = touchpad1
	trial 451: page = 3, input = mouseringsingle1
	trial 452: page = 3, input = mouseringsingle1
	trial 453: page = 3, input = mouseringsingle1
	trial 454: page = 3, input = mouseringsingle1
	trial 455: page = 3, input = mouseringsingle1
	trial 456: page = 1, input = mouseringsingle1
	trial 457: page = 1, input = mouseringsingle1
	trial 458: page = 1, input = mouseringsingle1
	trial 459: page = 1, input = mouseringsingle1
	trial 460: page = 1, input = mouseringsingle1
	trial 461: page = 6, input = mouseringsingle1
	trial 462: page = 6, input = mouseringsingle1
	trial 463: page = 6, input = mouseringsingle1
	trial 464: page = 6, input = mouseringsingle1
	trial 465: page = 6, input = mouseringsingle1
	trial 466: page = 4, input = mouseringsingle1
	trial 467: page = 4, input = mouseringsingle1
	trial 468: page = 4, input = mouseringsingle1
	trial 469: page = 4, input = mouseringsingle1
	trial 470: page = 4, input = mouseringsingle1
	trial 471: page = 7, input = mouseringsingle1
	trial 472: page = 7, input = mouseringsingle1
	trial 473: page = 7, input = mouseringsingle1
	trial 474: page = 7, input = mouseringsingle1
	trial 475: page = 7, input = mouseringsingle1
	trial 476: page = 10, input = mouseringsingle1
	trial 477: page = 10, input = mouseringsingle1
	trial 478: page = 10, input = mouseringsingle1
	trial 479: page = 10, input = mouseringsingle1
	trial 480: page = 10, input = mouseringsingle1
	trial 481: page = 2, input = mouseringsingle1
	trial 482: page = 2, input = mouseringsingle1
	trial 483: page = 2, input = mouseringsingle1
	trial 484: page = 2, input = mouseringsingle1
	trial 485: page = 2, input = mouseringsingle1
	trial 486: page = 5, input = mouseringsingle1
	trial 487: page = 5, input = mouseringsingle1
	trial 488: page = 5, input = mouseringsingle1
	trial 489: page = 5, input = mouseringsingle1
	trial 490: page = 5, input = mouseringsingle1
	trial 491: page = 9, input = mouseringsingle1
	trial 492: page = 9, input = mouseringsingle1
	trial 493: page = 9, input = mouseringsingle1
	trial 494: page = 9, input = mouseringsingle1
	trial 495: page = 9, input = mouseringsingle1
	trial 496: page = 8, input = mouseringsingle1
	trial 497: page = 8, input = mouseringsingle1
	trial 498: page = 8, input = mouseringsingle1
	trial 499: page = 8, input = mouseringsingle1
	trial 500: page = 8, input = mouseringsingle1
	trial 501: page = 3, input = airmouse1
	trial 502: page = 3, input = airmouse1
	trial 503: page = 3, input = airmouse1
	trial 504: page = 3, input = airmouse1
	trial 505: page = 3, input = airmouse1
	trial 506: page = 1, input = airmouse1
	trial 507: page = 1, input = airmouse1
	trial 508: page = 1, input = airmouse1
	trial 509: page = 1, input = airmouse1
	trial 510: page = 1, input = airmouse1
	trial 511: page = 6, input = airmouse1
	trial 512: page = 6, input = airmouse1
	trial 513: page = 6, input = airmouse1
	trial 514: page = 6, input = airmouse1
	trial 515: page = 6, input = airmouse1
	trial 516: page = 4, input = airmouse1
	trial 517: page = 4, input = airmouse1
	trial 518: page = 4, input = airmouse1
	trial 519: page = 4, input = airmouse1
	trial 520: page = 4, input = airmouse1
	trial 521: page = 7, input = airmouse1
	trial 522: page = 7, input = airmouse1
	trial 523: page = 7, input = airmouse1
	trial 524: page = 7, input = airmouse1
	trial 525: page = 7, input = airmouse1
	trial 526: page = 10, input = airmouse1
	trial 527: page = 10, input = airmouse1
	trial 528: page = 10, input = airmouse1
	trial 529: page = 10, input = airmouse1
	trial 530: page = 10, input = airmouse1
	trial 531: page = 2, input = airmouse1
	trial 532: page = 2, input = airmouse1
	trial 533: page = 2, input = airmouse1
	trial 534: page = 2, input = airmouse1
	trial 535: page = 2, input = airmouse1
	trial 536: page = 5, input = airmouse1
	trial 537: page = 5, input = airmouse1
	trial 538: page = 5, input = airmouse1
	trial 539: page = 5, input = airmouse1
	trial 540: page = 5, input = airmouse1
	trial 541: page = 9, input = airmouse1
	trial 542: page = 9, input = airmouse1
	trial 543: page = 9, input = airmouse1
	trial 544: page = 9, input = airmouse1
	trial 545: page = 9, input = airmouse1
	trial 546: page = 8, input = airmouse1
	trial 547: page = 8, input = airmouse1
	trial 548: page = 8, input = airmouse1
	trial 549: page = 8, input = airmouse1
	trial 550: page = 8, input = airmouse1
	trial 551: page = 3, input = mouseringsingle4
	trial 552: page = 3, input = mouseringsingle4
	trial 553: page = 3, input = mouseringsingle4
	trial 554: page = 3, input = mouseringsingle4
	trial 555: page = 3, input = mouseringsingle4
	trial 556: page = 1, input = mouseringsingle4
	trial 557: page = 1, input = mouseringsingle4
	trial 558: page = 1, input = mouseringsingle4
	trial 559: page = 1, input = mouseringsingle4
	trial 560: page = 1, input = mouseringsingle4
	trial 561: page = 6, input = mouseringsingle4
	trial 562: page = 6, input = mouseringsingle4
	trial 563: page = 6, input = mouseringsingle4
	trial 564: page = 6, input = mouseringsingle4
	trial 565: page = 6, input = mouseringsingle4
	trial 566: page = 4, input = mouseringsingle4
	trial 567: page = 4, input = mouseringsingle4
	trial 568: page = 4, input = mouseringsingle4
	trial 569: page = 4, input = mouseringsingle4
	trial 570: page = 4, input = mouseringsingle4
	trial 571: page = 7, input = mouseringsingle4
	trial 572: page = 7, input = mouseringsingle4
	trial 573: page = 7, input = mouseringsingle4
	trial 574: page = 7, input = mouseringsingle4
	trial 575: page = 7, input = mouseringsingle4
	trial 576: page = 10, input = mouseringsingle4
	trial 577: page = 10, input = mouseringsingle4
	trial 578: page = 10, input = mouseringsingle4
	trial 579: page = 10, input = mouseringsingle4
	trial 580: page = 10, input = mouseringsingle4
	trial 581: page = 2, input = mouseringsingle4
	trial 582: page = 2, input = mouseringsingle4
	trial 583: page = 2, input = mouseringsingle4
	trial 584: page = 2, input = mouseringsingle4
	trial 585: page = 2, input = mouseringsingle4
	trial 586: page = 5, input = mouseringsingle4
	trial 587: page = 5, input = mouseringsingle4
	trial 588: page = 5, input = mouseringsingle4
	trial 589: page = 5, input = mouseringsingle4
	trial 590: page = 5, input = mouseringsingle4
	trial 591: page = 9, input = mouseringsingle4
	trial 592: page = 9, input = mouseringsingle4
	trial 593: page = 9, input = mouseringsingle4
	trial 594: page = 9, input = mouseringsingle4
	trial 595: page = 9, input = mouseringsingle4
	trial 596: page = 8, input = mouseringsingle4
	trial 597: page = 8, input = mouseringsingle4
	trial 598: page = 8, input = mouseringsingle4
	trial 599: page = 8, input = mouseringsingle4
	trial 600: page = 8, input = mouseringsingle4
plan 9:
	trial 1: page = 3, input = airmouse1
	trial 2: page = 3, input = airmouse1
	trial 3: page = 3, input = airmouse1
	trial 4: page = 3, input = airmouse1
	trial 5: page = 3, input = airmouse1
	trial 6: page = 1, input = airmouse1
	trial 7: page = 1, input = airmouse1
	trial 8: page = 1, input = airmouse1
	trial 9: page = 1, input = airmouse1
	trial 10: page = 1, input = airmouse1
	trial 11: page = 6, input = airmouse1
	trial 12: page = 6, input = airmouse1
	trial 13: page = 6, input = airmouse1
	trial 14: page = 6, input = airmouse1
	trial 15: page = 6, input = airmouse1
	trial 16: page = 4, input = airmouse1
	trial 17: page = 4, input = airmouse1
	trial 18: page = 4, input = airmouse1
	trial 19: page = 4, input = airmouse1
	trial 20: page = 4, input = airmouse1
	trial 21: page = 7, input = airmouse1
	trial 22: page = 7, input = airmouse1
	trial 23: page = 7, input = airmouse1
	trial 24: page = 7, input = airmouse1
	trial 25: page = 7, input = airmouse1
	trial 26: page = 10, input = airmouse1
	trial 27: page = 10, input = airmouse1
	trial 28: page = 10, input = airmouse1
	trial 29: page = 10, input = airmouse1
	trial 30: page = 10, input = airmouse1
	trial 31: page = 2, input = airmouse1
	trial 32: page = 2, input = airmouse1
	trial 33: page = 2, input = airmouse1
	trial 34: page = 2, input = airmouse1
	trial 35: page = 2, input = airmouse1
	trial 36: page = 5, input = airmouse1
	trial 37: page = 5, input = airmouse1
	trial 38: page = 5, input = airmouse1
	trial 39: page = 5, input = airmouse1
	trial 40: page = 5, input = airmouse1
	trial 41: page = 9, input = airmouse1
	trial 42: page = 9, input = airmouse1
	trial 43: page = 9, input = airmouse1
	trial 44: page = 9, input = airmouse1
	trial 45: page = 9, input = airmouse1
	trial 46: page = 8, input = airmouse1
	trial 47: page = 8, input = airmouse1
	trial 48: page = 8, input = airmouse1
	trial 49: page = 8, input = airmouse1
	trial 50: page = 8, input = airmouse1
	trial 51: page = 3, input = mouseringsingle3
	trial 52: page = 3, input = mouseringsingle3
	trial 53: page = 3, input = mouseringsingle3
	trial 54: page = 3, input = mouseringsingle3
	trial 55: page = 3, input = mouseringsingle3
	trial 56: page = 1, input = mouseringsingle3
	trial 57: page = 1, input = mouseringsingle3
	trial 58: page = 1, input = mouseringsingle3
	trial 59: page = 1, input = mouseringsingle3
	trial 60: page = 1, input = mouseringsingle3
	trial 61: page = 6, input = mouseringsingle3
	trial 62: page = 6, input = mouseringsingle3
	trial 63: page = 6, input = mouseringsingle3
	trial 64: page = 6, input = mouseringsingle3
	trial 65: page = 6, input = mouseringsingle3
	trial 66: page = 4, input = mouseringsingle3
	trial 67: page = 4, input = mouseringsingle3
	trial 68: page = 4, input = mouseringsingle3
	trial 69: page = 4, input = mouseringsingle3
	trial 70: page = 4, input = mouseringsingle3
	trial 71: page = 7, input = mouseringsingle3
	trial 72: page = 7, input = mouseringsingle3
	trial 73: page = 7, input = mouseringsingle3
	trial 74: page = 7, input = mouseringsingle3
	trial 75: page = 7, input = mouseringsingle3
	trial 76: page = 10, input = mouseringsingle3
	trial 77: page = 10, input = mouseringsingle3
	trial 78: page = 10, input = mouseringsingle3
	trial 79: page = 10, input = mouseringsingle3
	trial 80: page = 10, input = mouseringsingle3
	trial 81: page = 2, input = mouseringsingle3
	trial 82: page = 2, input = mouseringsingle3
	trial 83: page = 2, input = mouseringsingle3
	trial 84: page = 2, input = mouseringsingle3
	trial 85: page = 2, input = mouseringsingle3
	trial 86: page = 5, input = mouseringsingle3
	trial 87: page = 5, input = mouseringsingle3
	trial 88: page = 5, input = mouseringsingle3
	trial 89: page = 5, input = mouseringsingle3
	trial 90: page = 5, input = mouseringsingle3
	trial 91: page = 9, input = mouseringsingle3
	trial 92: page = 9, input = mouseringsingle3
	trial 93: page = 9, input = mouseringsingle3
	trial 94: page = 9, input = mouseringsingle3
	trial 95: page = 9, input = mouseringsingle3
	trial 96: page = 8, input = mouseringsingle3
	trial 97: page = 8, input = mouseringsingle3
	trial 98: page = 8, input = mouseringsingle3
	trial 99: page = 8, input = mouseringsingle3
	trial 100: page = 8, input = mouseringsingle3
	trial 101: page = 3, input = mouseringsingle1
	trial 102: page = 3, input = mouseringsingle1
	trial 103: page = 3, input = mouseringsingle1
	trial 104: page = 3, input = mouseringsingle1
	trial 105: page = 3, input = mouseringsingle1
	trial 106: page = 1, input = mouseringsingle1
	trial 107: page = 1, input = mouseringsingle1
	trial 108: page = 1, input = mouseringsingle1
	trial 109: page = 1, input = mouseringsingle1
	trial 110: page = 1, input = mouseringsingle1
	trial 111: page = 6, input = mouseringsingle1
	trial 112: page = 6, input = mouseringsingle1
	trial 113: page = 6, input = mouseringsingle1
	trial 114: page = 6, input = mouseringsingle1
	trial 115: page = 6, input = mouseringsingle1
	trial 116: page = 4, input = mouseringsingle1
	trial 117: page = 4, input = mouseringsingle1
	trial 118: page = 4, input = mouseringsingle1
	trial 119: page = 4, input = mouseringsingle1
	trial 120: page = 4, input = mouseringsingle1
	trial 121: page = 7, input = mouseringsingle1
	trial 122: page = 7, input = mouseringsingle1
	trial 123: page = 7, input = mouseringsingle1
	trial 124: page = 7, input = mouseringsingle1
	trial 125: page = 7, input = mouseringsingle1
	trial 126: page = 10, input = mouseringsingle1
	trial 127: page = 10, input = mouseringsingle1
	trial 128: page = 10, input = mouseringsingle1
	trial 129: page = 10, input = mouseringsingle1
	trial 130: page = 10, input = mouseringsingle1
	trial 131: page = 2, input = mouseringsingle1
	trial 132: page = 2, input = mouseringsingle1
	trial 133: page = 2, input = mouseringsingle1
	trial 134: page = 2, input = mouseringsingle1
	trial 135: page = 2, input = mouseringsingle1
	trial 136: page = 5, input = mouseringsingle1
	trial 137: page = 5, input = mouseringsingle1
	trial 138: page = 5, input = mouseringsingle1
	trial 139: page = 5, input = mouseringsingle1
	trial 140: page = 5, input = mouseringsingle1
	trial 141: page = 9, input = mouseringsingle1
	trial 142: page = 9, input = mouseringsingle1
	trial 143: page = 9, input = mouseringsingle1
	trial 144: page = 9, input = mouseringsingle1
	trial 145: page = 9, input = mouseringsingle1
	trial 146: page = 8, input = mouseringsingle1
	trial 147: page = 8, input = mouseringsingle1
	trial 148: page = 8, input = mouseringsingle1
	trial 149: page = 8, input = mouseringsingle1
	trial 150: page = 8, input = mouseringsingle1
	trial 151: page = 3, input = airmouse2
	trial 152: page = 3, input = airmouse2
	trial 153: page = 3, input = airmouse2
	trial 154: page = 3, input = airmouse2
	trial 155: page = 3, input = airmouse2
	trial 156: page = 1, input = airmouse2
	trial 157: page = 1, input = airmouse2
	trial 158: page = 1, input = airmouse2
	trial 159: page = 1, input = airmouse2
	trial 160: page = 1, input = airmouse2
	trial 161: page = 6, input = airmouse2
	trial 162: page = 6, input = airmouse2
	trial 163: page = 6, input = airmouse2
	trial 164: page = 6, input = airmouse2
	trial 165: page = 6, input = airmouse2
	trial 166: page = 4, input = airmouse2
	trial 167: page = 4, input = airmouse2
	trial 168: page = 4, input = airmouse2
	trial 169: page = 4, input = airmouse2
	trial 170: page = 4, input = airmouse2
	trial 171: page = 7, input = airmouse2
	trial 172: page = 7, input = airmouse2
	trial 173: page = 7, input = airmouse2
	trial 174: page = 7, input = airmouse2
	trial 175: page = 7, input = airmouse2
	trial 176: page = 10, input = airmouse2
	trial 177: page = 10, input = airmouse2
	trial 178: page = 10, input = airmouse2
	trial 179: page = 10, input = airmouse2
	trial 180: page = 10, input = airmouse2
	trial 181: page = 2, input = airmouse2
	trial 182: page = 2, input = airmouse2
	trial 183: page = 2, input = airmouse2
	trial 184: page = 2, input = airmouse2
	trial 185: page = 2, input = airmouse2
	trial 186: page = 5, input = airmouse2
	trial 187: page = 5, input = airmouse2
	trial 188: page = 5, input = airmouse2
	trial 189: page = 5, input = airmouse2
	trial 190: page = 5, input = airmouse2
	trial 191: page = 9, input = airmouse2
	trial 192: page = 9, input = airmouse2
	trial 193: page = 9, input = airmouse2
	trial 194: page = 9, input = airmouse2
	trial 195: page = 9, input = airmouse2
	trial 196: page = 8, input = airmouse2
	trial 197: page = 8, input = airmouse2
	trial 198: page = 8, input = airmouse2
	trial 199: page = 8, input = airmouse2
	trial 200: page = 8, input = airmouse2
	trial 201: page = 3, input = mouseringdouble2
	trial 202: page = 3, input = mouseringdouble2
	trial 203: page = 3, input = mouseringdouble2
	trial 204: page = 3, input = mouseringdouble2
	trial 205: page = 3, input = mouseringdouble2
	trial 206: page = 1, input = mouseringdouble2
	trial 207: page = 1, input = mouseringdouble2
	trial 208: page = 1, input = mouseringdouble2
	trial 209: page = 1, input = mouseringdouble2
	trial 210: page = 1, input = mouseringdouble2
	trial 211: page = 6, input = mouseringdouble2
	trial 212: page = 6, input = mouseringdouble2
	trial 213: page = 6, input = mouseringdouble2
	trial 214: page = 6, input = mouseringdouble2
	trial 215: page = 6, input = mouseringdouble2
	trial 216: page = 4, input = mouseringdouble2
	trial 217: page = 4, input = mouseringdouble2
	trial 218: page = 4, input = mouseringdouble2
	trial 219: page = 4, input = mouseringdouble2
	trial 220: page = 4, input = mouseringdouble2
	trial 221: page = 7, input = mouseringdouble2
	trial 222: page = 7, input = mouseringdouble2
	trial 223: page = 7, input = mouseringdouble2
	trial 224: page = 7, input = mouseringdouble2
	trial 225: page = 7, input = mouseringdouble2
	trial 226: page = 10, input = mouseringdouble2
	trial 227: page = 10, input = mouseringdouble2
	trial 228: page = 10, input = mouseringdouble2
	trial 229: page = 10, input = mouseringdouble2
	trial 230: page = 10, input = mouseringdouble2
	trial 231: page = 2, input = mouseringdouble2
	trial 232: page = 2, input = mouseringdouble2
	trial 233: page = 2, input = mouseringdouble2
	trial 234: page = 2, input = mouseringdouble2
	trial 235: page = 2, input = mouseringdouble2
	trial 236: page = 5, input = mouseringdouble2
	trial 237: page = 5, input = mouseringdouble2
	trial 238: page = 5, input = mouseringdouble2
	trial 239: page = 5, input = mouseringdouble2
	trial 240: page = 5, input = mouseringdouble2
	trial 241: page = 9, input = mouseringdouble2
	trial 242: page = 9, input = mouseringdouble2
	trial 243: page = 9, input = mouseringdouble2
	trial 244: page = 9, input = mouseringdouble2
	trial 245: page = 9, input = mouseringdouble2
	trial 246: page = 8, input = mouseringdouble2
	trial 247: page = 8, input = mouseringdouble2
	trial 248: page = 8, input = mouseringdouble2
	trial 249: page = 8, input = mouseringdouble2
	trial 250: page = 8, input = mouseringdouble2
	trial 251: page = 3, input = touchpad1
	trial 252: page = 3, input = touchpad1
	trial 253: page = 3, input = touchpad1
	trial 254: page = 3, input = touchpad1
	trial 255: page = 3, input = touchpad1
	trial 256: page = 1, input = touchpad1
	trial 257: page = 1, input = touchpad1
	trial 258: page = 1, input = touchpad1
	trial 259: page = 1, input = touchpad1
	trial 260: page = 1, input = touchpad1
	trial 261: page = 6, input = touchpad1
	trial 262: page = 6, input = touchpad1
	trial 263: page = 6, input = touchpad1
	trial 264: page = 6, input = touchpad1
	trial 265: page = 6, input = touchpad1
	trial 266: page = 4, input = touchpad1
	trial 267: page = 4, input = touchpad1
	trial 268: page = 4, input = touchpad1
	trial 269: page = 4, input = touchpad1
	trial 270: page = 4, input = touchpad1
	trial 271: page = 7, input = touchpad1
	trial 272: page = 7, input = touchpad1
	trial 273: page = 7, input = touchpad1
	trial 274: page = 7, input = touchpad1
	trial 275: page = 7, input = touchpad1
	trial 276: page = 10, input = touchpad1
	trial 277: page = 10, input = touchpad1
	trial 278: page = 10, input = touchpad1
	trial 279: page = 10, input = touchpad1
	trial 280: page = 10, input = touchpad1
	trial 281: page = 2, input = touchpad1
	trial 282: page = 2, input = touchpad1
	trial 283: page = 2, input = touchpad1
	trial 284: page = 2, input = touchpad1
	trial 285: page = 2, input = touchpad1
	trial 286: page = 5, input = touchpad1
	trial 287: page = 5, input = touchpad1
	trial 288: page = 5, input = touchpad1
	trial 289: page = 5, input = touchpad1
	trial 290: page = 5, input = touchpad1
	trial 291: page = 9, input = touchpad1
	trial 292: page = 9, input = touchpad1
	trial 293: page = 9, input = touchpad1
	trial 294: page = 9, input = touchpad1
	trial 295: page = 9, input = touchpad1
	trial 296: page = 8, input = touchpad1
	trial 297: page = 8, input = touchpad1
	trial 298: page = 8, input = touchpad1
	trial 299: page = 8, input = touchpad1
	trial 300: page = 8, input = touchpad1
	trial 301: page = 3, input = mouseringdouble1
	trial 302: page = 3, input = mouseringdouble1
	trial 303: page = 3, input = mouseringdouble1
	trial 304: page = 3, input = mouseringdouble1
	trial 305: page = 3, input = mouseringdouble1
	trial 306: page = 1, input = mouseringdouble1
	trial 307: page = 1, input = mouseringdouble1
	trial 308: page = 1, input = mouseringdouble1
	trial 309: page = 1, input = mouseringdouble1
	trial 310: page = 1, input = mouseringdouble1
	trial 311: page = 6, input = mouseringdouble1
	trial 312: page = 6, input = mouseringdouble1
	trial 313: page = 6, input = mouseringdouble1
	trial 314: page = 6, input = mouseringdouble1
	trial 315: page = 6, input = mouseringdouble1
	trial 316: page = 4, input = mouseringdouble1
	trial 317: page = 4, input = mouseringdouble1
	trial 318: page = 4, input = mouseringdouble1
	trial 319: page = 4, input = mouseringdouble1
	trial 320: page = 4, input = mouseringdouble1
	trial 321: page = 7, input = mouseringdouble1
	trial 322: page = 7, input = mouseringdouble1
	trial 323: page = 7, input = mouseringdouble1
	trial 324: page = 7, input = mouseringdouble1
	trial 325: page = 7, input = mouseringdouble1
	trial 326: page = 10, input = mouseringdouble1
	trial 327: page = 10, input = mouseringdouble1
	trial 328: page = 10, input = mouseringdouble1
	trial 329: page = 10, input = mouseringdouble1
	trial 330: page = 10, input = mouseringdouble1
	trial 331: page = 2, input = mouseringdouble1
	trial 332: page = 2, input = mouseringdouble1
	trial 333: page = 2, input = mouseringdouble1
	trial 334: page = 2, input = mouseringdouble1
	trial 335: page = 2, input = mouseringdouble1
	trial 336: page = 5, input = mouseringdouble1
	trial 337: page = 5, input = mouseringdouble1
	trial 338: page = 5, input = mouseringdouble1
	trial 339: page = 5, input = mouseringdouble1
	trial 340: page = 5, input = mouseringdouble1
	trial 341: page = 9, input = mouseringdouble1
	trial 342: page = 9, input = mouseringdouble1
	trial 343: page = 9, input = mouseringdouble1
	trial 344: page = 9, input = mouseringdouble1
	trial 345: page = 9, input = mouseringdouble1
	trial 346: page = 8, input = mouseringdouble1
	trial 347: page = 8, input = mouseringdouble1
	trial 348: page = 8, input = mouseringdouble1
	trial 349: page = 8, input = mouseringdouble1
	trial 350: page = 8, input = mouseringdouble1
	trial 351: page = 3, input = mouseringdouble4
	trial 352: page = 3, input = mouseringdouble4
	trial 353: page = 3, input = mouseringdouble4
	trial 354: page = 3, input = mouseringdouble4
	trial 355: page = 3, input = mouseringdouble4
	trial 356: page = 1, input = mouseringdouble4
	trial 357: page = 1, input = mouseringdouble4
	trial 358: page = 1, input = mouseringdouble4
	trial 359: page = 1, input = mouseringdouble4
	trial 360: page = 1, input = mouseringdouble4
	trial 361: page = 6, input = mouseringdouble4
	trial 362: page = 6, input = mouseringdouble4
	trial 363: page = 6, input = mouseringdouble4
	trial 364: page = 6, input = mouseringdouble4
	trial 365: page = 6, input = mouseringdouble4
	trial 366: page = 4, input = mouseringdouble4
	trial 367: page = 4, input = mouseringdouble4
	trial 368: page = 4, input = mouseringdouble4
	trial 369: page = 4, input = mouseringdouble4
	trial 370: page = 4, input = mouseringdouble4
	trial 371: page = 7, input = mouseringdouble4
	trial 372: page = 7, input = mouseringdouble4
	trial 373: page = 7, input = mouseringdouble4
	trial 374: page = 7, input = mouseringdouble4
	trial 375: page = 7, input = mouseringdouble4
	trial 376: page = 10, input = mouseringdouble4
	trial 377: page = 10, input = mouseringdouble4
	trial 378: page = 10, input = mouseringdouble4
	trial 379: page = 10, input = mouseringdouble4
	trial 380: page = 10, input = mouseringdouble4
	trial 381: page = 2, input = mouseringdouble4
	trial 382: page = 2, input = mouseringdouble4
	trial 383: page = 2, input = mouseringdouble4
	trial 384: page = 2, input = mouseringdouble4
	trial 385: page = 2, input = mouseringdouble4
	trial 386: page = 5, input = mouseringdouble4
	trial 387: page = 5, input = mouseringdouble4
	trial 388: page = 5, input = mouseringdouble4
	trial 389: page = 5, input = mouseringdouble4
	trial 390: page = 5, input = mouseringdouble4
	trial 391: page = 9, input = mouseringdouble4
	trial 392: page = 9, input = mouseringdouble4
	trial 393: page = 9, input = mouseringdouble4
	trial 394: page = 9, input = mouseringdouble4
	trial 395: page = 9, input = mouseringdouble4
	trial 396: page = 8, input = mouseringdouble4
	trial 397: page = 8, input = mouseringdouble4
	trial 398: page = 8, input = mouseringdouble4
	trial 399: page = 8, input = mouseringdouble4
	trial 400: page = 8, input = mouseringdouble4
	trial 401: page = 3, input = mouseringdouble3
	trial 402: page = 3, input = mouseringdouble3
	trial 403: page = 3, input = mouseringdouble3
	trial 404: page = 3, input = mouseringdouble3
	trial 405: page = 3, input = mouseringdouble3
	trial 406: page = 1, input = mouseringdouble3
	trial 407: page = 1, input = mouseringdouble3
	trial 408: page = 1, input = mouseringdouble3
	trial 409: page = 1, input = mouseringdouble3
	trial 410: page = 1, input = mouseringdouble3
	trial 411: page = 6, input = mouseringdouble3
	trial 412: page = 6, input = mouseringdouble3
	trial 413: page = 6, input = mouseringdouble3
	trial 414: page = 6, input = mouseringdouble3
	trial 415: page = 6, input = mouseringdouble3
	trial 416: page = 4, input = mouseringdouble3
	trial 417: page = 4, input = mouseringdouble3
	trial 418: page = 4, input = mouseringdouble3
	trial 419: page = 4, input = mouseringdouble3
	trial 420: page = 4, input = mouseringdouble3
	trial 421: page = 7, input = mouseringdouble3
	trial 422: page = 7, input = mouseringdouble3
	trial 423: page = 7, input = mouseringdouble3
	trial 424: page = 7, input = mouseringdouble3
	trial 425: page = 7, input = mouseringdouble3
	trial 426: page = 10, input = mouseringdouble3
	trial 427: page = 10, input = mouseringdouble3
	trial 428: page = 10, input = mouseringdouble3
	trial 429: page = 10, input = mouseringdouble3
	trial 430: page = 10, input = mouseringdouble3
	trial 431: page = 2, input = mouseringdouble3
	trial 432: page = 2, input = mouseringdouble3
	trial 433: page = 2, input = mouseringdouble3
	trial 434: page = 2, input = mouseringdouble3
	trial 435: page = 2, input = mouseringdouble3
	trial 436: page = 5, input = mouseringdouble3
	trial 437: page = 5, input = mouseringdouble3
	trial 438: page = 5, input = mouseringdouble3
	trial 439: page = 5, input = mouseringdouble3
	trial 440: page = 5, input = mouseringdouble3
	trial 441: page = 9, input = mouseringdouble3
	trial 442: page = 9, input = mouseringdouble3
	trial 443: page = 9, input = mouseringdouble3
	trial 444: page = 9, input = mouseringdouble3
	trial 445: page = 9, input = mouseringdouble3
	trial 446: page = 8, input = mouseringdouble3
	trial 447: page = 8, input = mouseringdouble3
	trial 448: page = 8, input = mouseringdouble3
	trial 449: page = 8, input = mouseringdouble3
	trial 450: page = 8, input = mouseringdouble3
	trial 451: page = 3, input = touchpad2
	trial 452: page = 3, input = touchpad2
	trial 453: page = 3, input = touchpad2
	trial 454: page = 3, input = touchpad2
	trial 455: page = 3, input = touchpad2
	trial 456: page = 1, input = touchpad2
	trial 457: page = 1, input = touchpad2
	trial 458: page = 1, input = touchpad2
	trial 459: page = 1, input = touchpad2
	trial 460: page = 1, input = touchpad2
	trial 461: page = 6, input = touchpad2
	trial 462: page = 6, input = touchpad2
	trial 463: page = 6, input = touchpad2
	trial 464: page = 6, input = touchpad2
	trial 465: page = 6, input = touchpad2
	trial 466: page = 4, input = touchpad2
	trial 467: page = 4, input = touchpad2
	trial 468: page = 4, input = touchpad2
	trial 469: page = 4, input = touchpad2
	trial 470: page = 4, input = touchpad2
	trial 471: page = 7, input = touchpad2
	trial 472: page = 7, input = touchpad2
	trial 473: page = 7, input = touchpad2
	trial 474: page = 7, input = touchpad2
	trial 475: page = 7, input = touchpad2
	trial 476: page = 10, input = touchpad2
	trial 477: page = 10, input = touchpad2
	trial 478: page = 10, input = touchpad2
	trial 479: page = 10, input = touchpad2
	trial 480: page = 10, input = touchpad2
	trial 481: page = 2, input = touchpad2
	trial 482: page = 2, input = touchpad2
	trial 483: page = 2, input = touchpad2
	trial 484: page = 2, input = touchpad2
	trial 485: page = 2, input = touchpad2
	trial 486: page = 5, input = touchpad2
	trial 487: page = 5, input = touchpad2
	trial 488: page = 5, input = touchpad2
	trial 489: page = 5, input = touchpad2
	trial 490: page = 5, input = touchpad2
	trial 491: page = 9, input = touchpad2
	trial 492: page = 9, input = touchpad2
	trial 493: page = 9, input = touchpad2
	trial 494: page = 9, input = touchpad2
	trial 495: page = 9, input = touchpad2
	trial 496: page = 8, input = touchpad2
	trial 497: page = 8, input = touchpad2
	trial 498: page = 8, input = touchpad2
	trial 499: page = 8, input = touchpad2
	trial 500: page = 8, input = touchpad2
	trial 501: page = 3, input = mouseringsingle4
	trial 502: page = 3, input = mouseringsingle4
	trial 503: page = 3, input = mouseringsingle4
	trial 504: page = 3, input = mouseringsingle4
	trial 505: page = 3, input = mouseringsingle4
	trial 506: page = 1, input = mouseringsingle4
	trial 507: page = 1, input = mouseringsingle4
	trial 508: page = 1, input = mouseringsingle4
	trial 509: page = 1, input = mouseringsingle4
	trial 510: page = 1, input = mouseringsingle4
	trial 511: page = 6, input = mouseringsingle4
	trial 512: page = 6, input = mouseringsingle4
	trial 513: page = 6, input = mouseringsingle4
	trial 514: page = 6, input = mouseringsingle4
	trial 515: page = 6, input = mouseringsingle4
	trial 516: page = 4, input = mouseringsingle4
	trial 517: page = 4, input = mouseringsingle4
	trial 518: page = 4, input = mouseringsingle4
	trial 519: page = 4, input = mouseringsingle4
	trial 520: page = 4, input = mouseringsingle4
	trial 521: page = 7, input = mouseringsingle4
	trial 522: page = 7, input = mouseringsingle4
	trial 523: page = 7, input = mouseringsingle4
	trial 524: page = 7, input = mouseringsingle4
	trial 525: page = 7, input = mouseringsingle4
	trial 526: page = 10, input = mouseringsingle4
	trial 527: page = 10, input = mouseringsingle4
	trial 528: page = 10, input = mouseringsingle4
	trial 529: page = 10, input = mouseringsingle4
	trial 530: page = 10, input = mouseringsingle4
	trial 531: page = 2, input = mouseringsingle4
	trial 532: page = 2, input = mouseringsingle4
	trial 533: page = 2, input = mouseringsingle4
	trial 534: page = 2, input = mouseringsingle4
	trial 535: page = 2, input = mouseringsingle4
	trial 536: page = 5, input = mouseringsingle4
	trial 537: page = 5, input = mouseringsingle4
	trial 538: page = 5, input = mouseringsingle4
	trial 539: page = 5, input = mouseringsingle4
	trial 540: page = 5, input = mouseringsingle4
	trial 541: page = 9, input = mouseringsingle4
	trial 542: page = 9, input = mouseringsingle4
	trial 543: page = 9, input = mouseringsingle4
	trial 544: page = 9, input = mouseringsingle4
	trial 545: page = 9, input = mouseringsingle4
	trial 546: page = 8, input = mouseringsingle4
	trial 547: page = 8, input = mouseringsingle4
	trial 548: page = 8, input = mouseringsingle4
	trial 549: page = 8, input = mouseringsingle4
	trial 550: page = 8, input = mouseringsingle4
	trial 551: page = 3, input = mouseringsingle2
	trial 552: page = 3, input = mouseringsingle2
	trial 553: page = 3, input = mouseringsingle2
	trial 554: page = 3, input = mouseringsingle2
	trial 555: page = 3, input = mouseringsingle2
	trial 556: page = 1, input = mouseringsingle2
	trial 557: page = 1, input = mouseringsingle2
	trial 558: page = 1, input = mouseringsingle2
	trial 559: page = 1, input = mouseringsingle2
	trial 560: page = 1, input = mouseringsingle2
	trial 561: page = 6, input = mouseringsingle2
	trial 562: page = 6, input = mouseringsingle2
	trial 563: page = 6, input = mouseringsingle2
	trial 564: page = 6, input = mouseringsingle2
	trial 565: page = 6, input = mouseringsingle2
	trial 566: page = 4, input = mouseringsingle2
	trial 567: page = 4, input = mouseringsingle2
	trial 568: page = 4, input = mouseringsingle2
	trial 569: page = 4, input = mouseringsingle2
	trial 570: page = 4, input = mouseringsingle2
	trial 571: page = 7, input = mouseringsingle2
	trial 572: page = 7, input = mouseringsingle2
	trial 573: page = 7, input = mouseringsingle2
	trial 574: page = 7, input = mouseringsingle2
	trial 575: page = 7, input = mouseringsingle2
	trial 576: page = 10, input = mouseringsingle2
	trial 577: page = 10, input = mouseringsingle2
	trial 578: page = 10, input = mouseringsingle2
	trial 579: page = 10, input = mouseringsingle2
	trial 580: page = 10, input = mouseringsingle2
	trial 581: page = 2, input = mouseringsingle2
	trial 582: page = 2, input = mouseringsingle2
	trial 583: page = 2, input = mouseringsingle2
	trial 584: page = 2, input = mouseringsingle2
	trial 585: page = 2, input = mouseringsingle2
	trial 586: page = 5, input = mouseringsingle2
	trial 587: page = 5, input = mouseringsingle2
	trial 588: page = 5, input = mouseringsingle2
	trial 589: page = 5, input = mouseringsingle2
	trial 590: page = 5, input = mouseringsingle2
	trial 591: page = 9, input = mouseringsingle2
	trial 592: page = 9, input = mouseringsingle2
	trial 593: page = 9, input = mouseringsingle2
	trial 594: page = 9, input = mouseringsingle2
	trial 595: page = 9, input = mouseringsingle2
	trial 596: page = 8, input = mouseringsingle2
	trial 597: page = 8, input = mouseringsingle2
	trial 598: page = 8, input = mouseringsingle2
	trial 599: page = 8, input = mouseringsingle2
	trial 600: page = 8, input = mouseringsingle2
plan 10:
	trial 1: page = 3, input = airmouse1
	trial 2: page = 3, input = airmouse1
	trial 3: page = 3, input = airmouse1
	trial 4: page = 3, input = airmouse1
	trial 5: page = 3, input = airmouse1
	trial 6: page = 1, input = airmouse1
	trial 7: page = 1, input = airmouse1
	trial 8: page = 1, input = airmouse1
	trial 9: page = 1, input = airmouse1
	trial 10: page = 1, input = airmouse1
	trial 11: page = 6, input = airmouse1
	trial 12: page = 6, input = airmouse1
	trial 13: page = 6, input = airmouse1
	trial 14: page = 6, input = airmouse1
	trial 15: page = 6, input = airmouse1
	trial 16: page = 4, input = airmouse1
	trial 17: page = 4, input = airmouse1
	trial 18: page = 4, input = airmouse1
	trial 19: page = 4, input = airmouse1
	trial 20: page = 4, input = airmouse1
	trial 21: page = 7, input = airmouse1
	trial 22: page = 7, input = airmouse1
	trial 23: page = 7, input = airmouse1
	trial 24: page = 7, input = airmouse1
	trial 25: page = 7, input = airmouse1
	trial 26: page = 10, input = airmouse1
	trial 27: page = 10, input = airmouse1
	trial 28: page = 10, input = airmouse1
	trial 29: page = 10, input = airmouse1
	trial 30: page = 10, input = airmouse1
	trial 31: page = 2, input = airmouse1
	trial 32: page = 2, input = airmouse1
	trial 33: page = 2, input = airmouse1
	trial 34: page = 2, input = airmouse1
	trial 35: page = 2, input = airmouse1
	trial 36: page = 5, input = airmouse1
	trial 37: page = 5, input = airmouse1
	trial 38: page = 5, input = airmouse1
	trial 39: page = 5, input = airmouse1
	trial 40: page = 5, input = airmouse1
	trial 41: page = 9, input = airmouse1
	trial 42: page = 9, input = airmouse1
	trial 43: page = 9, input = airmouse1
	trial 44: page = 9, input = airmouse1
	trial 45: page = 9, input = airmouse1
	trial 46: page = 8, input = airmouse1
	trial 47: page = 8, input = airmouse1
	trial 48: page = 8, input = airmouse1
	trial 49: page = 8, input = airmouse1
	trial 50: page = 8, input = airmouse1
	trial 51: page = 3, input = mouseringdouble3
	trial 52: page = 3, input = mouseringdouble3
	trial 53: page = 3, input = mouseringdouble3
	trial 54: page = 3, input = mouseringdouble3
	trial 55: page = 3, input = mouseringdouble3
	trial 56: page = 1, input = mouseringdouble3
	trial 57: page = 1, input = mouseringdouble3
	trial 58: page = 1, input = mouseringdouble3
	trial 59: page = 1, input = mouseringdouble3
	trial 60: page = 1, input = mouseringdouble3
	trial 61: page = 6, input = mouseringdouble3
	trial 62: page = 6, input = mouseringdouble3
	trial 63: page = 6, input = mouseringdouble3
	trial 64: page = 6, input = mouseringdouble3
	trial 65: page = 6, input = mouseringdouble3
	trial 66: page = 4, input = mouseringdouble3
	trial 67: page = 4, input = mouseringdouble3
	trial 68: page = 4, input = mouseringdouble3
	trial 69: page = 4, input = mouseringdouble3
	trial 70: page = 4, input = mouseringdouble3
	trial 71: page = 7, input = mouseringdouble3
	trial 72: page = 7, input = mouseringdouble3
	trial 73: page = 7, input = mouseringdouble3
	trial 74: page = 7, input = mouseringdouble3
	trial 75: page = 7, input = mouseringdouble3
	trial 76: page = 10, input = mouseringdouble3
	trial 77: page = 10, input = mouseringdouble3
	trial 78: page = 10, input = mouseringdouble3
	trial 79: page = 10, input = mouseringdouble3
	trial 80: page = 10, input = mouseringdouble3
	trial 81: page = 2, input = mouseringdouble3
	trial 82: page = 2, input = mouseringdouble3
	trial 83: page = 2, input = mouseringdouble3
	trial 84: page = 2, input = mouseringdouble3
	trial 85: page = 2, input = mouseringdouble3
	trial 86: page = 5, input = mouseringdouble3
	trial 87: page = 5, input = mouseringdouble3
	trial 88: page = 5, input = mouseringdouble3
	trial 89: page = 5, input = mouseringdouble3
	trial 90: page = 5, input = mouseringdouble3
	trial 91: page = 9, input = mouseringdouble3
	trial 92: page = 9, input = mouseringdouble3
	trial 93: page = 9, input = mouseringdouble3
	trial 94: page = 9, input = mouseringdouble3
	trial 95: page = 9, input = mouseringdouble3
	trial 96: page = 8, input = mouseringdouble3
	trial 97: page = 8, input = mouseringdouble3
	trial 98: page = 8, input = mouseringdouble3
	trial 99: page = 8, input = mouseringdouble3
	trial 100: page = 8, input = mouseringdouble3
	trial 101: page = 3, input = mouseringsingle1
	trial 102: page = 3, input = mouseringsingle1
	trial 103: page = 3, input = mouseringsingle1
	trial 104: page = 3, input = mouseringsingle1
	trial 105: page = 3, input = mouseringsingle1
	trial 106: page = 1, input = mouseringsingle1
	trial 107: page = 1, input = mouseringsingle1
	trial 108: page = 1, input = mouseringsingle1
	trial 109: page = 1, input = mouseringsingle1
	trial 110: page = 1, input = mouseringsingle1
	trial 111: page = 6, input = mouseringsingle1
	trial 112: page = 6, input = mouseringsingle1
	trial 113: page = 6, input = mouseringsingle1
	trial 114: page = 6, input = mouseringsingle1
	trial 115: page = 6, input = mouseringsingle1
	trial 116: page = 4, input = mouseringsingle1
	trial 117: page = 4, input = mouseringsingle1
	trial 118: page = 4, input = mouseringsingle1
	trial 119: page = 4, input = mouseringsingle1
	trial 120: page = 4, input = mouseringsingle1
	trial 121: page = 7, input = mouseringsingle1
	trial 122: page = 7, input = mouseringsingle1
	trial 123: page = 7, input = mouseringsingle1
	trial 124: page = 7, input = mouseringsingle1
	trial 125: page = 7, input = mouseringsingle1
	trial 126: page = 10, input = mouseringsingle1
	trial 127: page = 10, input = mouseringsingle1
	trial 128: page = 10, input = mouseringsingle1
	trial 129: page = 10, input = mouseringsingle1
	trial 130: page = 10, input = mouseringsingle1
	trial 131: page = 2, input = mouseringsingle1
	trial 132: page = 2, input = mouseringsingle1
	trial 133: page = 2, input = mouseringsingle1
	trial 134: page = 2, input = mouseringsingle1
	trial 135: page = 2, input = mouseringsingle1
	trial 136: page = 5, input = mouseringsingle1
	trial 137: page = 5, input = mouseringsingle1
	trial 138: page = 5, input = mouseringsingle1
	trial 139: page = 5, input = mouseringsingle1
	trial 140: page = 5, input = mouseringsingle1
	trial 141: page = 9, input = mouseringsingle1
	trial 142: page = 9, input = mouseringsingle1
	trial 143: page = 9, input = mouseringsingle1
	trial 144: page = 9, input = mouseringsingle1
	trial 145: page = 9, input = mouseringsingle1
	trial 146: page = 8, input = mouseringsingle1
	trial 147: page = 8, input = mouseringsingle1
	trial 148: page = 8, input = mouseringsingle1
	trial 149: page = 8, input = mouseringsingle1
	trial 150: page = 8, input = mouseringsingle1
	trial 151: page = 3, input = mouseringsingle3
	trial 152: page = 3, input = mouseringsingle3
	trial 153: page = 3, input = mouseringsingle3
	trial 154: page = 3, input = mouseringsingle3
	trial 155: page = 3, input = mouseringsingle3
	trial 156: page = 1, input = mouseringsingle3
	trial 157: page = 1, input = mouseringsingle3
	trial 158: page = 1, input = mouseringsingle3
	trial 159: page = 1, input = mouseringsingle3
	trial 160: page = 1, input = mouseringsingle3
	trial 161: page = 6, input = mouseringsingle3
	trial 162: page = 6, input = mouseringsingle3
	trial 163: page = 6, input = mouseringsingle3
	trial 164: page = 6, input = mouseringsingle3
	trial 165: page = 6, input = mouseringsingle3
	trial 166: page = 4, input = mouseringsingle3
	trial 167: page = 4, input = mouseringsingle3
	trial 168: page = 4, input = mouseringsingle3
	trial 169: page = 4, input = mouseringsingle3
	trial 170: page = 4, input = mouseringsingle3
	trial 171: page = 7, input = mouseringsingle3
	trial 172: page = 7, input = mouseringsingle3
	trial 173: page = 7, input = mouseringsingle3
	trial 174: page = 7, input = mouseringsingle3
	trial 175: page = 7, input = mouseringsingle3
	trial 176: page = 10, input = mouseringsingle3
	trial 177: page = 10, input = mouseringsingle3
	trial 178: page = 10, input = mouseringsingle3
	trial 179: page = 10, input = mouseringsingle3
	trial 180: page = 10, input = mouseringsingle3
	trial 181: page = 2, input = mouseringsingle3
	trial 182: page = 2, input = mouseringsingle3
	trial 183: page = 2, input = mouseringsingle3
	trial 184: page = 2, input = mouseringsingle3
	trial 185: page = 2, input = mouseringsingle3
	trial 186: page = 5, input = mouseringsingle3
	trial 187: page = 5, input = mouseringsingle3
	trial 188: page = 5, input = mouseringsingle3
	trial 189: page = 5, input = mouseringsingle3
	trial 190: page = 5, input = mouseringsingle3
	trial 191: page = 9, input = mouseringsingle3
	trial 192: page = 9, input = mouseringsingle3
	trial 193: page = 9, input = mouseringsingle3
	trial 194: page = 9, input = mouseringsingle3
	trial 195: page = 9, input = mouseringsingle3
	trial 196: page = 8, input = mouseringsingle3
	trial 197: page = 8, input = mouseringsingle3
	trial 198: page = 8, input = mouseringsingle3
	trial 199: page = 8, input = mouseringsingle3
	trial 200: page = 8, input = mouseringsingle3
	trial 201: page = 3, input = airmouse2
	trial 202: page = 3, input = airmouse2
	trial 203: page = 3, input = airmouse2
	trial 204: page = 3, input = airmouse2
	trial 205: page = 3, input = airmouse2
	trial 206: page = 1, input = airmouse2
	trial 207: page = 1, input = airmouse2
	trial 208: page = 1, input = airmouse2
	trial 209: page = 1, input = airmouse2
	trial 210: page = 1, input = airmouse2
	trial 211: page = 6, input = airmouse2
	trial 212: page = 6, input = airmouse2
	trial 213: page = 6, input = airmouse2
	trial 214: page = 6, input = airmouse2
	trial 215: page = 6, input = airmouse2
	trial 216: page = 4, input = airmouse2
	trial 217: page = 4, input = airmouse2
	trial 218: page = 4, input = airmouse2
	trial 219: page = 4, input = airmouse2
	trial 220: page = 4, input = airmouse2
	trial 221: page = 7, input = airmouse2
	trial 222: page = 7, input = airmouse2
	trial 223: page = 7, input = airmouse2
	trial 224: page = 7, input = airmouse2
	trial 225: page = 7, input = airmouse2
	trial 226: page = 10, input = airmouse2
	trial 227: page = 10, input = airmouse2
	trial 228: page = 10, input = airmouse2
	trial 229: page = 10, input = airmouse2
	trial 230: page = 10, input = airmouse2
	trial 231: page = 2, input = airmouse2
	trial 232: page = 2, input = airmouse2
	trial 233: page = 2, input = airmouse2
	trial 234: page = 2, input = airmouse2
	trial 235: page = 2, input = airmouse2
	trial 236: page = 5, input = airmouse2
	trial 237: page = 5, input = airmouse2
	trial 238: page = 5, input = airmouse2
	trial 239: page = 5, input = airmouse2
	trial 240: page = 5, input = airmouse2
	trial 241: page = 9, input = airmouse2
	trial 242: page = 9, input = airmouse2
	trial 243: page = 9, input = airmouse2
	trial 244: page = 9, input = airmouse2
	trial 245: page = 9, input = airmouse2
	trial 246: page = 8, input = airmouse2
	trial 247: page = 8, input = airmouse2
	trial 248: page = 8, input = airmouse2
	trial 249: page = 8, input = airmouse2
	trial 250: page = 8, input = airmouse2
	trial 251: page = 3, input = mouseringdouble2
	trial 252: page = 3, input = mouseringdouble2
	trial 253: page = 3, input = mouseringdouble2
	trial 254: page = 3, input = mouseringdouble2
	trial 255: page = 3, input = mouseringdouble2
	trial 256: page = 1, input = mouseringdouble2
	trial 257: page = 1, input = mouseringdouble2
	trial 258: page = 1, input = mouseringdouble2
	trial 259: page = 1, input = mouseringdouble2
	trial 260: page = 1, input = mouseringdouble2
	trial 261: page = 6, input = mouseringdouble2
	trial 262: page = 6, input = mouseringdouble2
	trial 263: page = 6, input = mouseringdouble2
	trial 264: page = 6, input = mouseringdouble2
	trial 265: page = 6, input = mouseringdouble2
	trial 266: page = 4, input = mouseringdouble2
	trial 267: page = 4, input = mouseringdouble2
	trial 268: page = 4, input = mouseringdouble2
	trial 269: page = 4, input = mouseringdouble2
	trial 270: page = 4, input = mouseringdouble2
	trial 271: page = 7, input = mouseringdouble2
	trial 272: page = 7, input = mouseringdouble2
	trial 273: page = 7, input = mouseringdouble2
	trial 274: page = 7, input = mouseringdouble2
	trial 275: page = 7, input = mouseringdouble2
	trial 276: page = 10, input = mouseringdouble2
	trial 277: page = 10, input = mouseringdouble2
	trial 278: page = 10, input = mouseringdouble2
	trial 279: page = 10, input = mouseringdouble2
	trial 280: page = 10, input = mouseringdouble2
	trial 281: page = 2, input = mouseringdouble2
	trial 282: page = 2, input = mouseringdouble2
	trial 283: page = 2, input = mouseringdouble2
	trial 284: page = 2, input = mouseringdouble2
	trial 285: page = 2, input = mouseringdouble2
	trial 286: page = 5, input = mouseringdouble2
	trial 287: page = 5, input = mouseringdouble2
	trial 288: page = 5, input = mouseringdouble2
	trial 289: page = 5, input = mouseringdouble2
	trial 290: page = 5, input = mouseringdouble2
	trial 291: page = 9, input = mouseringdouble2
	trial 292: page = 9, input = mouseringdouble2
	trial 293: page = 9, input = mouseringdouble2
	trial 294: page = 9, input = mouseringdouble2
	trial 295: page = 9, input = mouseringdouble2
	trial 296: page = 8, input = mouseringdouble2
	trial 297: page = 8, input = mouseringdouble2
	trial 298: page = 8, input = mouseringdouble2
	trial 299: page = 8, input = mouseringdouble2
	trial 300: page = 8, input = mouseringdouble2
	trial 301: page = 3, input = touchpad2
	trial 302: page = 3, input = touchpad2
	trial 303: page = 3, input = touchpad2
	trial 304: page = 3, input = touchpad2
	trial 305: page = 3, input = touchpad2
	trial 306: page = 1, input = touchpad2
	trial 307: page = 1, input = touchpad2
	trial 308: page = 1, input = touchpad2
	trial 309: page = 1, input = touchpad2
	trial 310: page = 1, input = touchpad2
	trial 311: page = 6, input = touchpad2
	trial 312: page = 6, input = touchpad2
	trial 313: page = 6, input = touchpad2
	trial 314: page = 6, input = touchpad2
	trial 315: page = 6, input = touchpad2
	trial 316: page = 4, input = touchpad2
	trial 317: page = 4, input = touchpad2
	trial 318: page = 4, input = touchpad2
	trial 319: page = 4, input = touchpad2
	trial 320: page = 4, input = touchpad2
	trial 321: page = 7, input = touchpad2
	trial 322: page = 7, input = touchpad2
	trial 323: page = 7, input = touchpad2
	trial 324: page = 7, input = touchpad2
	trial 325: page = 7, input = touchpad2
	trial 326: page = 10, input = touchpad2
	trial 327: page = 10, input = touchpad2
	trial 328: page = 10, input = touchpad2
	trial 329: page = 10, input = touchpad2
	trial 330: page = 10, input = touchpad2
	trial 331: page = 2, input = touchpad2
	trial 332: page = 2, input = touchpad2
	trial 333: page = 2, input = touchpad2
	trial 334: page = 2, input = touchpad2
	trial 335: page = 2, input = touchpad2
	trial 336: page = 5, input = touchpad2
	trial 337: page = 5, input = touchpad2
	trial 338: page = 5, input = touchpad2
	trial 339: page = 5, input = touchpad2
	trial 340: page = 5, input = touchpad2
	trial 341: page = 9, input = touchpad2
	trial 342: page = 9, input = touchpad2
	trial 343: page = 9, input = touchpad2
	trial 344: page = 9, input = touchpad2
	trial 345: page = 9, input = touchpad2
	trial 346: page = 8, input = touchpad2
	trial 347: page = 8, input = touchpad2
	trial 348: page = 8, input = touchpad2
	trial 349: page = 8, input = touchpad2
	trial 350: page = 8, input = touchpad2
	trial 351: page = 3, input = mouseringdouble1
	trial 352: page = 3, input = mouseringdouble1
	trial 353: page = 3, input = mouseringdouble1
	trial 354: page = 3, input = mouseringdouble1
	trial 355: page = 3, input = mouseringdouble1
	trial 356: page = 1, input = mouseringdouble1
	trial 357: page = 1, input = mouseringdouble1
	trial 358: page = 1, input = mouseringdouble1
	trial 359: page = 1, input = mouseringdouble1
	trial 360: page = 1, input = mouseringdouble1
	trial 361: page = 6, input = mouseringdouble1
	trial 362: page = 6, input = mouseringdouble1
	trial 363: page = 6, input = mouseringdouble1
	trial 364: page = 6, input = mouseringdouble1
	trial 365: page = 6, input = mouseringdouble1
	trial 366: page = 4, input = mouseringdouble1
	trial 367: page = 4, input = mouseringdouble1
	trial 368: page = 4, input = mouseringdouble1
	trial 369: page = 4, input = mouseringdouble1
	trial 370: page = 4, input = mouseringdouble1
	trial 371: page = 7, input = mouseringdouble1
	trial 372: page = 7, input = mouseringdouble1
	trial 373: page = 7, input = mouseringdouble1
	trial 374: page = 7, input = mouseringdouble1
	trial 375: page = 7, input = mouseringdouble1
	trial 376: page = 10, input = mouseringdouble1
	trial 377: page = 10, input = mouseringdouble1
	trial 378: page = 10, input = mouseringdouble1
	trial 379: page = 10, input = mouseringdouble1
	trial 380: page = 10, input = mouseringdouble1
	trial 381: page = 2, input = mouseringdouble1
	trial 382: page = 2, input = mouseringdouble1
	trial 383: page = 2, input = mouseringdouble1
	trial 384: page = 2, input = mouseringdouble1
	trial 385: page = 2, input = mouseringdouble1
	trial 386: page = 5, input = mouseringdouble1
	trial 387: page = 5, input = mouseringdouble1
	trial 388: page = 5, input = mouseringdouble1
	trial 389: page = 5, input = mouseringdouble1
	trial 390: page = 5, input = mouseringdouble1
	trial 391: page = 9, input = mouseringdouble1
	trial 392: page = 9, input = mouseringdouble1
	trial 393: page = 9, input = mouseringdouble1
	trial 394: page = 9, input = mouseringdouble1
	trial 395: page = 9, input = mouseringdouble1
	trial 396: page = 8, input = mouseringdouble1
	trial 397: page = 8, input = mouseringdouble1
	trial 398: page = 8, input = mouseringdouble1
	trial 399: page = 8, input = mouseringdouble1
	trial 400: page = 8, input = mouseringdouble1
	trial 401: page = 3, input = touchpad1
	trial 402: page = 3, input = touchpad1
	trial 403: page = 3, input = touchpad1
	trial 404: page = 3, input = touchpad1
	trial 405: page = 3, input = touchpad1
	trial 406: page = 1, input = touchpad1
	trial 407: page = 1, input = touchpad1
	trial 408: page = 1, input = touchpad1
	trial 409: page = 1, input = touchpad1
	trial 410: page = 1, input = touchpad1
	trial 411: page = 6, input = touchpad1
	trial 412: page = 6, input = touchpad1
	trial 413: page = 6, input = touchpad1
	trial 414: page = 6, input = touchpad1
	trial 415: page = 6, input = touchpad1
	trial 416: page = 4, input = touchpad1
	trial 417: page = 4, input = touchpad1
	trial 418: page = 4, input = touchpad1
	trial 419: page = 4, input = touchpad1
	trial 420: page = 4, input = touchpad1
	trial 421: page = 7, input = touchpad1
	trial 422: page = 7, input = touchpad1
	trial 423: page = 7, input = touchpad1
	trial 424: page = 7, input = touchpad1
	trial 425: page = 7, input = touchpad1
	trial 426: page = 10, input = touchpad1
	trial 427: page = 10, input = touchpad1
	trial 428: page = 10, input = touchpad1
	trial 429: page = 10, input = touchpad1
	trial 430: page = 10, input = touchpad1
	trial 431: page = 2, input = touchpad1
	trial 432: page = 2, input = touchpad1
	trial 433: page = 2, input = touchpad1
	trial 434: page = 2, input = touchpad1
	trial 435: page = 2, input = touchpad1
	trial 436: page = 5, input = touchpad1
	trial 437: page = 5, input = touchpad1
	trial 438: page = 5, input = touchpad1
	trial 439: page = 5, input = touchpad1
	trial 440: page = 5, input = touchpad1
	trial 441: page = 9, input = touchpad1
	trial 442: page = 9, input = touchpad1
	trial 443: page = 9, input = touchpad1
	trial 444: page = 9, input = touchpad1
	trial 445: page = 9, input = touchpad1
	trial 446: page = 8, input = touchpad1
	trial 447: page = 8, input = touchpad1
	trial 448: page = 8, input = touchpad1
	trial 449: page = 8, input = touchpad1
	trial 450: page = 8, input = touchpad1
	trial 451: page = 3, input = mouseringsingle4
	trial 452: page = 3, input = mouseringsingle4
	trial 453: page = 3, input = mouseringsingle4
	trial 454: page = 3, input = mouseringsingle4
	trial 455: page = 3, input = mouseringsingle4
	trial 456: page = 1, input = mouseringsingle4
	trial 457: page = 1, input = mouseringsingle4
	trial 458: page = 1, input = mouseringsingle4
	trial 459: page = 1, input = mouseringsingle4
	trial 460: page = 1, input = mouseringsingle4
	trial 461: page = 6, input = mouseringsingle4
	trial 462: page = 6, input = mouseringsingle4
	trial 463: page = 6, input = mouseringsingle4
	trial 464: page = 6, input = mouseringsingle4
	trial 465: page = 6, input = mouseringsingle4
	trial 466: page = 4, input = mouseringsingle4
	trial 467: page = 4, input = mouseringsingle4
	trial 468: page = 4, input = mouseringsingle4
	trial 469: page = 4, input = mouseringsingle4
	trial 470: page = 4, input = mouseringsingle4
	trial 471: page = 7, input = mouseringsingle4
	trial 472: page = 7, input = mouseringsingle4
	trial 473: page = 7, input = mouseringsingle4
	trial 474: page = 7, input = mouseringsingle4
	trial 475: page = 7, input = mouseringsingle4
	trial 476: page = 10, input = mouseringsingle4
	trial 477: page = 10, input = mouseringsingle4
	trial 478: page = 10, input = mouseringsingle4
	trial 479: page = 10, input = mouseringsingle4
	trial 480: page = 10, input = mouseringsingle4
	trial 481: page = 2, input = mouseringsingle4
	trial 482: page = 2, input = mouseringsingle4
	trial 483: page = 2, input = mouseringsingle4
	trial 484: page = 2, input = mouseringsingle4
	trial 485: page = 2, input = mouseringsingle4
	trial 486: page = 5, input = mouseringsingle4
	trial 487: page = 5, input = mouseringsingle4
	trial 488: page = 5, input = mouseringsingle4
	trial 489: page = 5, input = mouseringsingle4
	trial 490: page = 5, input = mouseringsingle4
	trial 491: page = 9, input = mouseringsingle4
	trial 492: page = 9, input = mouseringsingle4
	trial 493: page = 9, input = mouseringsingle4
	trial 494: page = 9, input = mouseringsingle4
	trial 495: page = 9, input = mouseringsingle4
	trial 496: page = 8, input = mouseringsingle4
	trial 497: page = 8, input = mouseringsingle4
	trial 498: page = 8, input = mouseringsingle4
	trial 499: page = 8, input = mouseringsingle4
	trial 500: page = 8, input = mouseringsingle4
	trial 501: page = 3, input = mouseringdouble4
	trial 502: page = 3, input = mouseringdouble4
	trial 503: page = 3, input = mouseringdouble4
	trial 504: page = 3, input = mouseringdouble4
	trial 505: page = 3, input = mouseringdouble4
	trial 506: page = 1, input = mouseringdouble4
	trial 507: page = 1, input = mouseringdouble4
	trial 508: page = 1, input = mouseringdouble4
	trial 509: page = 1, input = mouseringdouble4
	trial 510: page = 1, input = mouseringdouble4
	trial 511: page = 6, input = mouseringdouble4
	trial 512: page = 6, input = mouseringdouble4
	trial 513: page = 6, input = mouseringdouble4
	trial 514: page = 6, input = mouseringdouble4
	trial 515: page = 6, input = mouseringdouble4
	trial 516: page = 4, input = mouseringdouble4
	trial 517: page = 4, input = mouseringdouble4
	trial 518: page = 4, input = mouseringdouble4
	trial 519: page = 4, input = mouseringdouble4
	trial 520: page = 4, input = mouseringdouble4
	trial 521: page = 7, input = mouseringdouble4
	trial 522: page = 7, input = mouseringdouble4
	trial 523: page = 7, input = mouseringdouble4
	trial 524: page = 7, input = mouseringdouble4
	trial 525: page = 7, input = mouseringdouble4
	trial 526: page = 10, input = mouseringdouble4
	trial 527: page = 10, input = mouseringdouble4
	trial 528: page = 10, input = mouseringdouble4
	trial 529: page = 10, input = mouseringdouble4
	trial 530: page = 10, input = mouseringdouble4
	trial 531: page = 2, input = mouseringdouble4
	trial 532: page = 2, input = mouseringdouble4
	trial 533: page = 2, input = mouseringdouble4
	trial 534: page = 2, input = mouseringdouble4
	trial 535: page = 2, input = mouseringdouble4
	trial 536: page = 5, input = mouseringdouble4
	trial 537: page = 5, input = mouseringdouble4
	trial 538: page = 5, input = mouseringdouble4
	trial 539: page = 5, input = mouseringdouble4
	trial 540: page = 5, input = mouseringdouble4
	trial 541: page = 9, input = mouseringdouble4
	trial 542: page = 9, input = mouseringdouble4
	trial 543: page = 9, input = mouseringdouble4
	trial 544: page = 9, input = mouseringdouble4
	trial 545: page = 9, input = mouseringdouble4
	trial 546: page = 8, input = mouseringdouble4
	trial 547: page = 8, input = mouseringdouble4
	trial 548: page = 8, input = mouseringdouble4
	trial 549: page = 8, input = mouseringdouble4
	trial 550: page = 8, input = mouseringdouble4
	trial 551: page = 3, input = mouseringsingle2
	trial 552: page = 3, input = mouseringsingle2
	trial 553: page = 3, input = mouseringsingle2
	trial 554: page = 3, input = mouseringsingle2
	trial 555: page = 3, input = mouseringsingle2
	trial 556: page = 1, input = mouseringsingle2
	trial 557: page = 1, input = mouseringsingle2
	trial 558: page = 1, input = mouseringsingle2
	trial 559: page = 1, input = mouseringsingle2
	trial 560: page = 1, input = mouseringsingle2
	trial 561: page = 6, input = mouseringsingle2
	trial 562: page = 6, input = mouseringsingle2
	trial 563: page = 6, input = mouseringsingle2
	trial 564: page = 6, input = mouseringsingle2
	trial 565: page = 6, input = mouseringsingle2
	trial 566: page = 4, input = mouseringsingle2
	trial 567: page = 4, input = mouseringsingle2
	trial 568: page = 4, input = mouseringsingle2
	trial 569: page = 4, input = mouseringsingle2
	trial 570: page = 4, input = mouseringsingle2
	trial 571: page = 7, input = mouseringsingle2
	trial 572: page = 7, input = mouseringsingle2
	trial 573: page = 7, input = mouseringsingle2
	trial 574: page = 7, input = mouseringsingle2
	trial 575: page = 7, input = mouseringsingle2
	trial 576: page = 10, input = mouseringsingle2
	trial 577: page = 10, input = mouseringsingle2
	trial 578: page = 10, input = mouseringsingle2
	trial 579: page = 10, input = mouseringsingle2
	trial 580: page = 10, input = mouseringsingle2
	trial 581: page = 2, input = mouseringsingle2
	trial 582: page = 2, input = mouseringsingle2
	trial 583: page = 2, input = mouseringsingle2
	trial 584: page = 2, input = mouseringsingle2
	trial 585: page = 2, input = mouseringsingle2
	trial 586: page = 5, input = mouseringsingle2
	trial 587: page = 5, input = mouseringsingle2
	trial 588: page = 5, input = mouseringsingle2
	trial 589: page = 5, input = mouseringsingle2
	trial 590: page = 5, input = mouseringsingle2
	trial 591: page = 9, input = mouseringsingle2
	trial 592: page = 9, input = mouseringsingle2
	trial 593: page = 9, input = mouseringsingle2
	trial 594: page = 9, input = mouseringsingle2
	trial 595: page = 9, input = mouseringsingle2
	trial 596: page = 8, input = mouseringsingle2
	trial 597: page = 8, input = mouseringsingle2
	trial 598: page = 8, input = mouseringsingle2
	trial 599: page = 8, input = mouseringsingle2
	trial 600: page = 8, input = mouseringsingle2
plan 11:
	trial 1: page = 3, input = airmouse1
	trial 2: page = 3, input = airmouse1
	trial 3: page = 3, input = airmouse1
	trial 4: page = 3, input = airmouse1
	trial 5: page = 3, input = airmouse1
	trial 6: page = 1, input = airmouse1
	trial 7: page = 1, input = airmouse1
	trial 8: page = 1, input = airmouse1
	trial 9: page = 1, input = airmouse1
	trial 10: page = 1, input = airmouse1
	trial 11: page = 6, input = airmouse1
	trial 12: page = 6, input = airmouse1
	trial 13: page = 6, input = airmouse1
	trial 14: page = 6, input = airmouse1
	trial 15: page = 6, input = airmouse1
	trial 16: page = 4, input = airmouse1
	trial 17: page = 4, input = airmouse1
	trial 18: page = 4, input = airmouse1
	trial 19: page = 4, input = airmouse1
	trial 20: page = 4, input = airmouse1
	trial 21: page = 7, input = airmouse1
	trial 22: page = 7, input = airmouse1
	trial 23: page = 7, input = airmouse1
	trial 24: page = 7, input = airmouse1
	trial 25: page = 7, input = airmouse1
	trial 26: page = 10, input = airmouse1
	trial 27: page = 10, input = airmouse1
	trial 28: page = 10, input = airmouse1
	trial 29: page = 10, input = airmouse1
	trial 30: page = 10, input = airmouse1
	trial 31: page = 2, input = airmouse1
	trial 32: page = 2, input = airmouse1
	trial 33: page = 2, input = airmouse1
	trial 34: page = 2, input = airmouse1
	trial 35: page = 2, input = airmouse1
	trial 36: page = 5, input = airmouse1
	trial 37: page = 5, input = airmouse1
	trial 38: page = 5, input = airmouse1
	trial 39: page = 5, input = airmouse1
	trial 40: page = 5, input = airmouse1
	trial 41: page = 9, input = airmouse1
	trial 42: page = 9, input = airmouse1
	trial 43: page = 9, input = airmouse1
	trial 44: page = 9, input = airmouse1
	trial 45: page = 9, input = airmouse1
	trial 46: page = 8, input = airmouse1
	trial 47: page = 8, input = airmouse1
	trial 48: page = 8, input = airmouse1
	trial 49: page = 8, input = airmouse1
	trial 50: page = 8, input = airmouse1
	trial 51: page = 3, input = mouseringsingle3
	trial 52: page = 3, input = mouseringsingle3
	trial 53: page = 3, input = mouseringsingle3
	trial 54: page = 3, input = mouseringsingle3
	trial 55: page = 3, input = mouseringsingle3
	trial 56: page = 1, input = mouseringsingle3
	trial 57: page = 1, input = mouseringsingle3
	trial 58: page = 1, input = mouseringsingle3
	trial 59: page = 1, input = mouseringsingle3
	trial 60: page = 1, input = mouseringsingle3
	trial 61: page = 6, input = mouseringsingle3
	trial 62: page = 6, input = mouseringsingle3
	trial 63: page = 6, input = mouseringsingle3
	trial 64: page = 6, input = mouseringsingle3
	trial 65: page = 6, input = mouseringsingle3
	trial 66: page = 4, input = mouseringsingle3
	trial 67: page = 4, input = mouseringsingle3
	trial 68: page = 4, input = mouseringsingle3
	trial 69: page = 4, input = mouseringsingle3
	trial 70: page = 4, input = mouseringsingle3
	trial 71: page = 7, input = mouseringsingle3
	trial 72: page = 7, input = mouseringsingle3
	trial 73: page = 7, input = mouseringsingle3
	trial 74: page = 7, input = mouseringsingle3
	trial 75: page = 7, input = mouseringsingle3
	trial 76: page = 10, input = mouseringsingle3
	trial 77: page = 10, input = mouseringsingle3
	trial 78: page = 10, input = mouseringsingle3
	trial 79: page = 10, input = mouseringsingle3
	trial 80: page = 10, input = mouseringsingle3
	trial 81: page = 2, input = mouseringsingle3
	trial 82: page = 2, input = mouseringsingle3
	trial 83: page = 2, input = mouseringsingle3
	trial 84: page = 2, input = mouseringsingle3
	trial 85: page = 2, input = mouseringsingle3
	trial 86: page = 5, input = mouseringsingle3
	trial 87: page = 5, input = mouseringsingle3
	trial 88: page = 5, input = mouseringsingle3
	trial 89: page = 5, input = mouseringsingle3
	trial 90: page = 5, input = mouseringsingle3
	trial 91: page = 9, input = mouseringsingle3
	trial 92: page = 9, input = mouseringsingle3
	trial 93: page = 9, input = mouseringsingle3
	trial 94: page = 9, input = mouseringsingle3
	trial 95: page = 9, input = mouseringsingle3
	trial 96: page = 8, input = mouseringsingle3
	trial 97: page = 8, input = mouseringsingle3
	trial 98: page = 8, input = mouseringsingle3
	trial 99: page = 8, input = mouseringsingle3
	trial 100: page = 8, input = mouseringsingle3
	trial 101: page = 3, input = mouseringsingle1
	trial 102: page = 3, input = mouseringsingle1
	trial 103: page = 3, input = mouseringsingle1
	trial 104: page = 3, input = mouseringsingle1
	trial 105: page = 3, input = mouseringsingle1
	trial 106: page = 1, input = mouseringsingle1
	trial 107: page = 1, input = mouseringsingle1
	trial 108: page = 1, input = mouseringsingle1
	trial 109: page = 1, input = mouseringsingle1
	trial 110: page = 1, input = mouseringsingle1
	trial 111: page = 6, input = mouseringsingle1
	trial 112: page = 6, input = mouseringsingle1
	trial 113: page = 6, input = mouseringsingle1
	trial 114: page = 6, input = mouseringsingle1
	trial 115: page = 6, input = mouseringsingle1
	trial 116: page = 4, input = mouseringsingle1
	trial 117: page = 4, input = mouseringsingle1
	trial 118: page = 4, input = mouseringsingle1
	trial 119: page = 4, input = mouseringsingle1
	trial 120: page = 4, input = mouseringsingle1
	trial 121: page = 7, input = mouseringsingle1
	trial 122: page = 7, input = mouseringsingle1
	trial 123: page = 7, input = mouseringsingle1
	trial 124: page = 7, input = mouseringsingle1
	trial 125: page = 7, input = mouseringsingle1
	trial 126: page = 10, input = mouseringsingle1
	trial 127: page = 10, input = mouseringsingle1
	trial 128: page = 10, input = mouseringsingle1
	trial 129: page = 10, input = mouseringsingle1
	trial 130: page = 10, input = mouseringsingle1
	trial 131: page = 2, input = mouseringsingle1
	trial 132: page = 2, input = mouseringsingle1
	trial 133: page = 2, input = mouseringsingle1
	trial 134: page = 2, input = mouseringsingle1
	trial 135: page = 2, input = mouseringsingle1
	trial 136: page = 5, input = mouseringsingle1
	trial 137: page = 5, input = mouseringsingle1
	trial 138: page = 5, input = mouseringsingle1
	trial 139: page = 5, input = mouseringsingle1
	trial 140: page = 5, input = mouseringsingle1
	trial 141: page = 9, input = mouseringsingle1
	trial 142: page = 9, input = mouseringsingle1
	trial 143: page = 9, input = mouseringsingle1
	trial 144: page = 9, input = mouseringsingle1
	trial 145: page = 9, input = mouseringsingle1
	trial 146: page = 8, input = mouseringsingle1
	trial 147: page = 8, input = mouseringsingle1
	trial 148: page = 8, input = mouseringsingle1
	trial 149: page = 8, input = mouseringsingle1
	trial 150: page = 8, input = mouseringsingle1
	trial 151: page = 3, input = airmouse2
	trial 152: page = 3, input = airmouse2
	trial 153: page = 3, input = airmouse2
	trial 154: page = 3, input = airmouse2
	trial 155: page = 3, input = airmouse2
	trial 156: page = 1, input = airmouse2
	trial 157: page = 1, input = airmouse2
	trial 158: page = 1, input = airmouse2
	trial 159: page = 1, input = airmouse2
	trial 160: page = 1, input = airmouse2
	trial 161: page = 6, input = airmouse2
	trial 162: page = 6, input = airmouse2
	trial 163: page = 6, input = airmouse2
	trial 164: page = 6, input = airmouse2
	trial 165: page = 6, input = airmouse2
	trial 166: page = 4, input = airmouse2
	trial 167: page = 4, input = airmouse2
	trial 168: page = 4, input = airmouse2
	trial 169: page = 4, input = airmouse2
	trial 170: page = 4, input = airmouse2
	trial 171: page = 7, input = airmouse2
	trial 172: page = 7, input = airmouse2
	trial 173: page = 7, input = airmouse2
	trial 174: page = 7, input = airmouse2
	trial 175: page = 7, input = airmouse2
	trial 176: page = 10, input = airmouse2
	trial 177: page = 10, input = airmouse2
	trial 178: page = 10, input = airmouse2
	trial 179: page = 10, input = airmouse2
	trial 180: page = 10, input = airmouse2
	trial 181: page = 2, input = airmouse2
	trial 182: page = 2, input = airmouse2
	trial 183: page = 2, input = airmouse2
	trial 184: page = 2, input = airmouse2
	trial 185: page = 2, input = airmouse2
	trial 186: page = 5, input = airmouse2
	trial 187: page = 5, input = airmouse2
	trial 188: page = 5, input = airmouse2
	trial 189: page = 5, input = airmouse2
	trial 190: page = 5, input = airmouse2
	trial 191: page = 9, input = airmouse2
	trial 192: page = 9, input = airmouse2
	trial 193: page = 9, input = airmouse2
	trial 194: page = 9, input = airmouse2
	trial 195: page = 9, input = airmouse2
	trial 196: page = 8, input = airmouse2
	trial 197: page = 8, input = airmouse2
	trial 198: page = 8, input = airmouse2
	trial 199: page = 8, input = airmouse2
	trial 200: page = 8, input = airmouse2
	trial 201: page = 3, input = touchpad1
	trial 202: page = 3, input = touchpad1
	trial 203: page = 3, input = touchpad1
	trial 204: page = 3, input = touchpad1
	trial 205: page = 3, input = touchpad1
	trial 206: page = 1, input = touchpad1
	trial 207: page = 1, input = touchpad1
	trial 208: page = 1, input = touchpad1
	trial 209: page = 1, input = touchpad1
	trial 210: page = 1, input = touchpad1
	trial 211: page = 6, input = touchpad1
	trial 212: page = 6, input = touchpad1
	trial 213: page = 6, input = touchpad1
	trial 214: page = 6, input = touchpad1
	trial 215: page = 6, input = touchpad1
	trial 216: page = 4, input = touchpad1
	trial 217: page = 4, input = touchpad1
	trial 218: page = 4, input = touchpad1
	trial 219: page = 4, input = touchpad1
	trial 220: page = 4, input = touchpad1
	trial 221: page = 7, input = touchpad1
	trial 222: page = 7, input = touchpad1
	trial 223: page = 7, input = touchpad1
	trial 224: page = 7, input = touchpad1
	trial 225: page = 7, input = touchpad1
	trial 226: page = 10, input = touchpad1
	trial 227: page = 10, input = touchpad1
	trial 228: page = 10, input = touchpad1
	trial 229: page = 10, input = touchpad1
	trial 230: page = 10, input = touchpad1
	trial 231: page = 2, input = touchpad1
	trial 232: page = 2, input = touchpad1
	trial 233: page = 2, input = touchpad1
	trial 234: page = 2, input = touchpad1
	trial 235: page = 2, input = touchpad1
	trial 236: page = 5, input = touchpad1
	trial 237: page = 5, input = touchpad1
	trial 238: page = 5, input = touchpad1
	trial 239: page = 5, input = touchpad1
	trial 240: page = 5, input = touchpad1
	trial 241: page = 9, input = touchpad1
	trial 242: page = 9, input = touchpad1
	trial 243: page = 9, input = touchpad1
	trial 244: page = 9, input = touchpad1
	trial 245: page = 9, input = touchpad1
	trial 246: page = 8, input = touchpad1
	trial 247: page = 8, input = touchpad1
	trial 248: page = 8, input = touchpad1
	trial 249: page = 8, input = touchpad1
	trial 250: page = 8, input = touchpad1
	trial 251: page = 3, input = mouseringdouble2
	trial 252: page = 3, input = mouseringdouble2
	trial 253: page = 3, input = mouseringdouble2
	trial 254: page = 3, input = mouseringdouble2
	trial 255: page = 3, input = mouseringdouble2
	trial 256: page = 1, input = mouseringdouble2
	trial 257: page = 1, input = mouseringdouble2
	trial 258: page = 1, input = mouseringdouble2
	trial 259: page = 1, input = mouseringdouble2
	trial 260: page = 1, input = mouseringdouble2
	trial 261: page = 6, input = mouseringdouble2
	trial 262: page = 6, input = mouseringdouble2
	trial 263: page = 6, input = mouseringdouble2
	trial 264: page = 6, input = mouseringdouble2
	trial 265: page = 6, input = mouseringdouble2
	trial 266: page = 4, input = mouseringdouble2
	trial 267: page = 4, input = mouseringdouble2
	trial 268: page = 4, input = mouseringdouble2
	trial 269: page = 4, input = mouseringdouble2
	trial 270: page = 4, input = mouseringdouble2
	trial 271: page = 7, input = mouseringdouble2
	trial 272: page = 7, input = mouseringdouble2
	trial 273: page = 7, input = mouseringdouble2
	trial 274: page = 7, input = mouseringdouble2
	trial 275: page = 7, input = mouseringdouble2
	trial 276: page = 10, input = mouseringdouble2
	trial 277: page = 10, input = mouseringdouble2
	trial 278: page = 10, input = mouseringdouble2
	trial 279: page = 10, input = mouseringdouble2
	trial 280: page = 10, input = mouseringdouble2
	trial 281: page = 2, input = mouseringdouble2
	trial 282: page = 2, input = mouseringdouble2
	trial 283: page = 2, input = mouseringdouble2
	trial 284: page = 2, input = mouseringdouble2
	trial 285: page = 2, input = mouseringdouble2
	trial 286: page = 5, input = mouseringdouble2
	trial 287: page = 5, input = mouseringdouble2
	trial 288: page = 5, input = mouseringdouble2
	trial 289: page = 5, input = mouseringdouble2
	trial 290: page = 5, input = mouseringdouble2
	trial 291: page = 9, input = mouseringdouble2
	trial 292: page = 9, input = mouseringdouble2
	trial 293: page = 9, input = mouseringdouble2
	trial 294: page = 9, input = mouseringdouble2
	trial 295: page = 9, input = mouseringdouble2
	trial 296: page = 8, input = mouseringdouble2
	trial 297: page = 8, input = mouseringdouble2
	trial 298: page = 8, input = mouseringdouble2
	trial 299: page = 8, input = mouseringdouble2
	trial 300: page = 8, input = mouseringdouble2
	trial 301: page = 3, input = mouseringsingle2
	trial 302: page = 3, input = mouseringsingle2
	trial 303: page = 3, input = mouseringsingle2
	trial 304: page = 3, input = mouseringsingle2
	trial 305: page = 3, input = mouseringsingle2
	trial 306: page = 1, input = mouseringsingle2
	trial 307: page = 1, input = mouseringsingle2
	trial 308: page = 1, input = mouseringsingle2
	trial 309: page = 1, input = mouseringsingle2
	trial 310: page = 1, input = mouseringsingle2
	trial 311: page = 6, input = mouseringsingle2
	trial 312: page = 6, input = mouseringsingle2
	trial 313: page = 6, input = mouseringsingle2
	trial 314: page = 6, input = mouseringsingle2
	trial 315: page = 6, input = mouseringsingle2
	trial 316: page = 4, input = mouseringsingle2
	trial 317: page = 4, input = mouseringsingle2
	trial 318: page = 4, input = mouseringsingle2
	trial 319: page = 4, input = mouseringsingle2
	trial 320: page = 4, input = mouseringsingle2
	trial 321: page = 7, input = mouseringsingle2
	trial 322: page = 7, input = mouseringsingle2
	trial 323: page = 7, input = mouseringsingle2
	trial 324: page = 7, input = mouseringsingle2
	trial 325: page = 7, input = mouseringsingle2
	trial 326: page = 10, input = mouseringsingle2
	trial 327: page = 10, input = mouseringsingle2
	trial 328: page = 10, input = mouseringsingle2
	trial 329: page = 10, input = mouseringsingle2
	trial 330: page = 10, input = mouseringsingle2
	trial 331: page = 2, input = mouseringsingle2
	trial 332: page = 2, input = mouseringsingle2
	trial 333: page = 2, input = mouseringsingle2
	trial 334: page = 2, input = mouseringsingle2
	trial 335: page = 2, input = mouseringsingle2
	trial 336: page = 5, input = mouseringsingle2
	trial 337: page = 5, input = mouseringsingle2
	trial 338: page = 5, input = mouseringsingle2
	trial 339: page = 5, input = mouseringsingle2
	trial 340: page = 5, input = mouseringsingle2
	trial 341: page = 9, input = mouseringsingle2
	trial 342: page = 9, input = mouseringsingle2
	trial 343: page = 9, input = mouseringsingle2
	trial 344: page = 9, input = mouseringsingle2
	trial 345: page = 9, input = mouseringsingle2
	trial 346: page = 8, input = mouseringsingle2
	trial 347: page = 8, input = mouseringsingle2
	trial 348: page = 8, input = mouseringsingle2
	trial 349: page = 8, input = mouseringsingle2
	trial 350: page = 8, input = mouseringsingle2
	trial 351: page = 3, input = mouseringdouble1
	trial 352: page = 3, input = mouseringdouble1
	trial 353: page = 3, input = mouseringdouble1
	trial 354: page = 3, input = mouseringdouble1
	trial 355: page = 3, input = mouseringdouble1
	trial 356: page = 1, input = mouseringdouble1
	trial 357: page = 1, input = mouseringdouble1
	trial 358: page = 1, input = mouseringdouble1
	trial 359: page = 1, input = mouseringdouble1
	trial 360: page = 1, input = mouseringdouble1
	trial 361: page = 6, input = mouseringdouble1
	trial 362: page = 6, input = mouseringdouble1
	trial 363: page = 6, input = mouseringdouble1
	trial 364: page = 6, input = mouseringdouble1
	trial 365: page = 6, input = mouseringdouble1
	trial 366: page = 4, input = mouseringdouble1
	trial 367: page = 4, input = mouseringdouble1
	trial 368: page = 4, input = mouseringdouble1
	trial 369: page = 4, input = mouseringdouble1
	trial 370: page = 4, input = mouseringdouble1
	trial 371: page = 7, input = mouseringdouble1
	trial 372: page = 7, input = mouseringdouble1
	trial 373: page = 7, input = mouseringdouble1
	trial 374: page = 7, input = mouseringdouble1
	trial 375: page = 7, input = mouseringdouble1
	trial 376: page = 10, input = mouseringdouble1
	trial 377: page = 10, input = mouseringdouble1
	trial 378: page = 10, input = mouseringdouble1
	trial 379: page = 10, input = mouseringdouble1
	trial 380: page = 10, input = mouseringdouble1
	trial 381: page = 2, input = mouseringdouble1
	trial 382: page = 2, input = mouseringdouble1
	trial 383: page = 2, input = mouseringdouble1
	trial 384: page = 2, input = mouseringdouble1
	trial 385: page = 2, input = mouseringdouble1
	trial 386: page = 5, input = mouseringdouble1
	trial 387: page = 5, input = mouseringdouble1
	trial 388: page = 5, input = mouseringdouble1
	trial 389: page = 5, input = mouseringdouble1
	trial 390: page = 5, input = mouseringdouble1
	trial 391: page = 9, input = mouseringdouble1
	trial 392: page = 9, input = mouseringdouble1
	trial 393: page = 9, input = mouseringdouble1
	trial 394: page = 9, input = mouseringdouble1
	trial 395: page = 9, input = mouseringdouble1
	trial 396: page = 8, input = mouseringdouble1
	trial 397: page = 8, input = mouseringdouble1
	trial 398: page = 8, input = mouseringdouble1
	trial 399: page = 8, input = mouseringdouble1
	trial 400: page = 8, input = mouseringdouble1
	trial 401: page = 3, input = mouseringdouble3
	trial 402: page = 3, input = mouseringdouble3
	trial 403: page = 3, input = mouseringdouble3
	trial 404: page = 3, input = mouseringdouble3
	trial 405: page = 3, input = mouseringdouble3
	trial 406: page = 1, input = mouseringdouble3
	trial 407: page = 1, input = mouseringdouble3
	trial 408: page = 1, input = mouseringdouble3
	trial 409: page = 1, input = mouseringdouble3
	trial 410: page = 1, input = mouseringdouble3
	trial 411: page = 6, input = mouseringdouble3
	trial 412: page = 6, input = mouseringdouble3
	trial 413: page = 6, input = mouseringdouble3
	trial 414: page = 6, input = mouseringdouble3
	trial 415: page = 6, input = mouseringdouble3
	trial 416: page = 4, input = mouseringdouble3
	trial 417: page = 4, input = mouseringdouble3
	trial 418: page = 4, input = mouseringdouble3
	trial 419: page = 4, input = mouseringdouble3
	trial 420: page = 4, input = mouseringdouble3
	trial 421: page = 7, input = mouseringdouble3
	trial 422: page = 7, input = mouseringdouble3
	trial 423: page = 7, input = mouseringdouble3
	trial 424: page = 7, input = mouseringdouble3
	trial 425: page = 7, input = mouseringdouble3
	trial 426: page = 10, input = mouseringdouble3
	trial 427: page = 10, input = mouseringdouble3
	trial 428: page = 10, input = mouseringdouble3
	trial 429: page = 10, input = mouseringdouble3
	trial 430: page = 10, input = mouseringdouble3
	trial 431: page = 2, input = mouseringdouble3
	trial 432: page = 2, input = mouseringdouble3
	trial 433: page = 2, input = mouseringdouble3
	trial 434: page = 2, input = mouseringdouble3
	trial 435: page = 2, input = mouseringdouble3
	trial 436: page = 5, input = mouseringdouble3
	trial 437: page = 5, input = mouseringdouble3
	trial 438: page = 5, input = mouseringdouble3
	trial 439: page = 5, input = mouseringdouble3
	trial 440: page = 5, input = mouseringdouble3
	trial 441: page = 9, input = mouseringdouble3
	trial 442: page = 9, input = mouseringdouble3
	trial 443: page = 9, input = mouseringdouble3
	trial 444: page = 9, input = mouseringdouble3
	trial 445: page = 9, input = mouseringdouble3
	trial 446: page = 8, input = mouseringdouble3
	trial 447: page = 8, input = mouseringdouble3
	trial 448: page = 8, input = mouseringdouble3
	trial 449: page = 8, input = mouseringdouble3
	trial 450: page = 8, input = mouseringdouble3
	trial 451: page = 3, input = touchpad2
	trial 452: page = 3, input = touchpad2
	trial 453: page = 3, input = touchpad2
	trial 454: page = 3, input = touchpad2
	trial 455: page = 3, input = touchpad2
	trial 456: page = 1, input = touchpad2
	trial 457: page = 1, input = touchpad2
	trial 458: page = 1, input = touchpad2
	trial 459: page = 1, input = touchpad2
	trial 460: page = 1, input = touchpad2
	trial 461: page = 6, input = touchpad2
	trial 462: page = 6, input = touchpad2
	trial 463: page = 6, input = touchpad2
	trial 464: page = 6, input = touchpad2
	trial 465: page = 6, input = touchpad2
	trial 466: page = 4, input = touchpad2
	trial 467: page = 4, input = touchpad2
	trial 468: page = 4, input = touchpad2
	trial 469: page = 4, input = touchpad2
	trial 470: page = 4, input = touchpad2
	trial 471: page = 7, input = touchpad2
	trial 472: page = 7, input = touchpad2
	trial 473: page = 7, input = touchpad2
	trial 474: page = 7, input = touchpad2
	trial 475: page = 7, input = touchpad2
	trial 476: page = 10, input = touchpad2
	trial 477: page = 10, input = touchpad2
	trial 478: page = 10, input = touchpad2
	trial 479: page = 10, input = touchpad2
	trial 480: page = 10, input = touchpad2
	trial 481: page = 2, input = touchpad2
	trial 482: page = 2, input = touchpad2
	trial 483: page = 2, input = touchpad2
	trial 484: page = 2, input = touchpad2
	trial 485: page = 2, input = touchpad2
	trial 486: page = 5, input = touchpad2
	trial 487: page = 5, input = touchpad2
	trial 488: page = 5, input = touchpad2
	trial 489: page = 5, input = touchpad2
	trial 490: page = 5, input = touchpad2
	trial 491: page = 9, input = touchpad2
	trial 492: page = 9, input = touchpad2
	trial 493: page = 9, input = touchpad2
	trial 494: page = 9, input = touchpad2
	trial 495: page = 9, input = touchpad2
	trial 496: page = 8, input = touchpad2
	trial 497: page = 8, input = touchpad2
	trial 498: page = 8, input = touchpad2
	trial 499: page = 8, input = touchpad2
	trial 500: page = 8, input = touchpad2
	trial 501: page = 3, input = mouseringdouble4
	trial 502: page = 3, input = mouseringdouble4
	trial 503: page = 3, input = mouseringdouble4
	trial 504: page = 3, input = mouseringdouble4
	trial 505: page = 3, input = mouseringdouble4
	trial 506: page = 1, input = mouseringdouble4
	trial 507: page = 1, input = mouseringdouble4
	trial 508: page = 1, input = mouseringdouble4
	trial 509: page = 1, input = mouseringdouble4
	trial 510: page = 1, input = mouseringdouble4
	trial 511: page = 6, input = mouseringdouble4
	trial 512: page = 6, input = mouseringdouble4
	trial 513: page = 6, input = mouseringdouble4
	trial 514: page = 6, input = mouseringdouble4
	trial 515: page = 6, input = mouseringdouble4
	trial 516: page = 4, input = mouseringdouble4
	trial 517: page = 4, input = mouseringdouble4
	trial 518: page = 4, input = mouseringdouble4
	trial 519: page = 4, input = mouseringdouble4
	trial 520: page = 4, input = mouseringdouble4
	trial 521: page = 7, input = mouseringdouble4
	trial 522: page = 7, input = mouseringdouble4
	trial 523: page = 7, input = mouseringdouble4
	trial 524: page = 7, input = mouseringdouble4
	trial 525: page = 7, input = mouseringdouble4
	trial 526: page = 10, input = mouseringdouble4
	trial 527: page = 10, input = mouseringdouble4
	trial 528: page = 10, input = mouseringdouble4
	trial 529: page = 10, input = mouseringdouble4
	trial 530: page = 10, input = mouseringdouble4
	trial 531: page = 2, input = mouseringdouble4
	trial 532: page = 2, input = mouseringdouble4
	trial 533: page = 2, input = mouseringdouble4
	trial 534: page = 2, input = mouseringdouble4
	trial 535: page = 2, input = mouseringdouble4
	trial 536: page = 5, input = mouseringdouble4
	trial 537: page = 5, input = mouseringdouble4
	trial 538: page = 5, input = mouseringdouble4
	trial 539: page = 5, input = mouseringdouble4
	trial 540: page = 5, input = mouseringdouble4
	trial 541: page = 9, input = mouseringdouble4
	trial 542: page = 9, input = mouseringdouble4
	trial 543: page = 9, input = mouseringdouble4
	trial 544: page = 9, input = mouseringdouble4
	trial 545: page = 9, input = mouseringdouble4
	trial 546: page = 8, input = mouseringdouble4
	trial 547: page = 8, input = mouseringdouble4
	trial 548: page = 8, input = mouseringdouble4
	trial 549: page = 8, input = mouseringdouble4
	trial 550: page = 8, input = mouseringdouble4
	trial 551: page = 3, input = mouseringsingle4
	trial 552: page = 3, input = mouseringsingle4
	trial 553: page = 3, input = mouseringsingle4
	trial 554: page = 3, input = mouseringsingle4
	trial 555: page = 3, input = mouseringsingle4
	trial 556: page = 1, input = mouseringsingle4
	trial 557: page = 1, input = mouseringsingle4
	trial 558: page = 1, input = mouseringsingle4
	trial 559: page = 1, input = mouseringsingle4
	trial 560: page = 1, input = mouseringsingle4
	trial 561: page = 6, input = mouseringsingle4
	trial 562: page = 6, input = mouseringsingle4
	trial 563: page = 6, input = mouseringsingle4
	trial 564: page = 6, input = mouseringsingle4
	trial 565: page = 6, input = mouseringsingle4
	trial 566: page = 4, input = mouseringsingle4
	trial 567: page = 4, input = mouseringsingle4
	trial 568: page = 4, input = mouseringsingle4
	trial 569: page = 4, input = mouseringsingle4
	trial 570: page = 4, input = mouseringsingle4
	trial 571: page = 7, input = mouseringsingle4
	trial 572: page = 7, input = mouseringsingle4
	trial 573: page = 7, input = mouseringsingle4
	trial 574: page = 7, input = mouseringsingle4
	trial 575: page = 7, input = mouseringsingle4
	trial 576: page = 10, input = mouseringsingle4
	trial 577: page = 10, input = mouseringsingle4
	trial 578: page = 10, input = mouseringsingle4
	trial 579: page = 10, input = mouseringsingle4
	trial 580: page = 10, input = mouseringsingle4
	trial 581: page = 2, input = mouseringsingle4
	trial 582: page = 2, input = mouseringsingle4
	trial 583: page = 2, input = mouseringsingle4
	trial 584: page = 2, input = mouseringsingle4
	trial 585: page = 2, input = mouseringsingle4
	trial 586: page = 5, input = mouseringsingle4
	trial 587: page = 5, input = mouseringsingle4
	trial 588: page = 5, input = mouseringsingle4
	trial 589: page = 5, input = mouseringsingle4
	trial 590: page = 5, input = mouseringsingle4
	trial 591: page = 9, input = mouseringsingle4
	trial 592: page = 9, input = mouseringsingle4
	trial 593: page = 9, input = mouseringsingle4
	trial 594: page = 9, input = mouseringsingle4
	trial 595: page = 9, input = mouseringsingle4
	trial 596: page = 8, input = mouseringsingle4
	trial 597: page = 8, input = mouseringsingle4
	trial 598: page = 8, input = mouseringsingle4
	trial 599: page = 8, input = mouseringsingle4
	trial 600: page = 8, input = mouseringsingle4
plan 12:
	trial 1: page = 3, input = touchpad2
	trial 2: page = 3, input = touchpad2
	trial 3: page = 3, input = touchpad2
	trial 4: page = 3, input = touchpad2
	trial 5: page = 3, input = touchpad2
	trial 6: page = 1, input = touchpad2
	trial 7: page = 1, input = touchpad2
	trial 8: page = 1, input = touchpad2
	trial 9: page = 1, input = touchpad2
	trial 10: page = 1, input = touchpad2
	trial 11: page = 6, input = touchpad2
	trial 12: page = 6, input = touchpad2
	trial 13: page = 6, input = touchpad2
	trial 14: page = 6, input = touchpad2
	trial 15: page = 6, input = touchpad2
	trial 16: page = 4, input = touchpad2
	trial 17: page = 4, input = touchpad2
	trial 18: page = 4, input = touchpad2
	trial 19: page = 4, input = touchpad2
	trial 20: page = 4, input = touchpad2
	trial 21: page = 7, input = touchpad2
	trial 22: page = 7, input = touchpad2
	trial 23: page = 7, input = touchpad2
	trial 24: page = 7, input = touchpad2
	trial 25: page = 7, input = touchpad2
	trial 26: page = 10, input = touchpad2
	trial 27: page = 10, input = touchpad2
	trial 28: page = 10, input = touchpad2
	trial 29: page = 10, input = touchpad2
	trial 30: page = 10, input = touchpad2
	trial 31: page = 2, input = touchpad2
	trial 32: page = 2, input = touchpad2
	trial 33: page = 2, input = touchpad2
	trial 34: page = 2, input = touchpad2
	trial 35: page = 2, input = touchpad2
	trial 36: page = 5, input = touchpad2
	trial 37: page = 5, input = touchpad2
	trial 38: page = 5, input = touchpad2
	trial 39: page = 5, input = touchpad2
	trial 40: page = 5, input = touchpad2
	trial 41: page = 9, input = touchpad2
	trial 42: page = 9, input = touchpad2
	trial 43: page = 9, input = touchpad2
	trial 44: page = 9, input = touchpad2
	trial 45: page = 9, input = touchpad2
	trial 46: page = 8, input = touchpad2
	trial 47: page = 8, input = touchpad2
	trial 48: page = 8, input = touchpad2
	trial 49: page = 8, input = touchpad2
	trial 50: page = 8, input = touchpad2
	trial 51: page = 3, input = mouseringdouble3
	trial 52: page = 3, input = mouseringdouble3
	trial 53: page = 3, input = mouseringdouble3
	trial 54: page = 3, input = mouseringdouble3
	trial 55: page = 3, input = mouseringdouble3
	trial 56: page = 1, input = mouseringdouble3
	trial 57: page = 1, input = mouseringdouble3
	trial 58: page = 1, input = mouseringdouble3
	trial 59: page = 1, input = mouseringdouble3
	trial 60: page = 1, input = mouseringdouble3
	trial 61: page = 6, input = mouseringdouble3
	trial 62: page = 6, input = mouseringdouble3
	trial 63: page = 6, input = mouseringdouble3
	trial 64: page = 6, input = mouseringdouble3
	trial 65: page = 6, input = mouseringdouble3
	trial 66: page = 4, input = mouseringdouble3
	trial 67: page = 4, input = mouseringdouble3
	trial 68: page = 4, input = mouseringdouble3
	trial 69: page = 4, input = mouseringdouble3
	trial 70: page = 4, input = mouseringdouble3
	trial 71: page = 7, input = mouseringdouble3
	trial 72: page = 7, input = mouseringdouble3
	trial 73: page = 7, input = mouseringdouble3
	trial 74: page = 7, input = mouseringdouble3
	trial 75: page = 7, input = mouseringdouble3
	trial 76: page = 10, input = mouseringdouble3
	trial 77: page = 10, input = mouseringdouble3
	trial 78: page = 10, input = mouseringdouble3
	trial 79: page = 10, input = mouseringdouble3
	trial 80: page = 10, input = mouseringdouble3
	trial 81: page = 2, input = mouseringdouble3
	trial 82: page = 2, input = mouseringdouble3
	trial 83: page = 2, input = mouseringdouble3
	trial 84: page = 2, input = mouseringdouble3
	trial 85: page = 2, input = mouseringdouble3
	trial 86: page = 5, input = mouseringdouble3
	trial 87: page = 5, input = mouseringdouble3
	trial 88: page = 5, input = mouseringdouble3
	trial 89: page = 5, input = mouseringdouble3
	trial 90: page = 5, input = mouseringdouble3
	trial 91: page = 9, input = mouseringdouble3
	trial 92: page = 9, input = mouseringdouble3
	trial 93: page = 9, input = mouseringdouble3
	trial 94: page = 9, input = mouseringdouble3
	trial 95: page = 9, input = mouseringdouble3
	trial 96: page = 8, input = mouseringdouble3
	trial 97: page = 8, input = mouseringdouble3
	trial 98: page = 8, input = mouseringdouble3
	trial 99: page = 8, input = mouseringdouble3
	trial 100: page = 8, input = mouseringdouble3
	trial 101: page = 3, input = mouseringdouble1
	trial 102: page = 3, input = mouseringdouble1
	trial 103: page = 3, input = mouseringdouble1
	trial 104: page = 3, input = mouseringdouble1
	trial 105: page = 3, input = mouseringdouble1
	trial 106: page = 1, input = mouseringdouble1
	trial 107: page = 1, input = mouseringdouble1
	trial 108: page = 1, input = mouseringdouble1
	trial 109: page = 1, input = mouseringdouble1
	trial 110: page = 1, input = mouseringdouble1
	trial 111: page = 6, input = mouseringdouble1
	trial 112: page = 6, input = mouseringdouble1
	trial 113: page = 6, input = mouseringdouble1
	trial 114: page = 6, input = mouseringdouble1
	trial 115: page = 6, input = mouseringdouble1
	trial 116: page = 4, input = mouseringdouble1
	trial 117: page = 4, input = mouseringdouble1
	trial 118: page = 4, input = mouseringdouble1
	trial 119: page = 4, input = mouseringdouble1
	trial 120: page = 4, input = mouseringdouble1
	trial 121: page = 7, input = mouseringdouble1
	trial 122: page = 7, input = mouseringdouble1
	trial 123: page = 7, input = mouseringdouble1
	trial 124: page = 7, input = mouseringdouble1
	trial 125: page = 7, input = mouseringdouble1
	trial 126: page = 10, input = mouseringdouble1
	trial 127: page = 10, input = mouseringdouble1
	trial 128: page = 10, input = mouseringdouble1
	trial 129: page = 10, input = mouseringdouble1
	trial 130: page = 10, input = mouseringdouble1
	trial 131: page = 2, input = mouseringdouble1
	trial 132: page = 2, input = mouseringdouble1
	trial 133: page = 2, input = mouseringdouble1
	trial 134: page = 2, input = mouseringdouble1
	trial 135: page = 2, input = mouseringdouble1
	trial 136: page = 5, input = mouseringdouble1
	trial 137: page = 5, input = mouseringdouble1
	trial 138: page = 5, input = mouseringdouble1
	trial 139: page = 5, input = mouseringdouble1
	trial 140: page = 5, input = mouseringdouble1
	trial 141: page = 9, input = mouseringdouble1
	trial 142: page = 9, input = mouseringdouble1
	trial 143: page = 9, input = mouseringdouble1
	trial 144: page = 9, input = mouseringdouble1
	trial 145: page = 9, input = mouseringdouble1
	trial 146: page = 8, input = mouseringdouble1
	trial 147: page = 8, input = mouseringdouble1
	trial 148: page = 8, input = mouseringdouble1
	trial 149: page = 8, input = mouseringdouble1
	trial 150: page = 8, input = mouseringdouble1
	trial 151: page = 3, input = mouseringsingle3
	trial 152: page = 3, input = mouseringsingle3
	trial 153: page = 3, input = mouseringsingle3
	trial 154: page = 3, input = mouseringsingle3
	trial 155: page = 3, input = mouseringsingle3
	trial 156: page = 1, input = mouseringsingle3
	trial 157: page = 1, input = mouseringsingle3
	trial 158: page = 1, input = mouseringsingle3
	trial 159: page = 1, input = mouseringsingle3
	trial 160: page = 1, input = mouseringsingle3
	trial 161: page = 6, input = mouseringsingle3
	trial 162: page = 6, input = mouseringsingle3
	trial 163: page = 6, input = mouseringsingle3
	trial 164: page = 6, input = mouseringsingle3
	trial 165: page = 6, input = mouseringsingle3
	trial 166: page = 4, input = mouseringsingle3
	trial 167: page = 4, input = mouseringsingle3
	trial 168: page = 4, input = mouseringsingle3
	trial 169: page = 4, input = mouseringsingle3
	trial 170: page = 4, input = mouseringsingle3
	trial 171: page = 7, input = mouseringsingle3
	trial 172: page = 7, input = mouseringsingle3
	trial 173: page = 7, input = mouseringsingle3
	trial 174: page = 7, input = mouseringsingle3
	trial 175: page = 7, input = mouseringsingle3
	trial 176: page = 10, input = mouseringsingle3
	trial 177: page = 10, input = mouseringsingle3
	trial 178: page = 10, input = mouseringsingle3
	trial 179: page = 10, input = mouseringsingle3
	trial 180: page = 10, input = mouseringsingle3
	trial 181: page = 2, input = mouseringsingle3
	trial 182: page = 2, input = mouseringsingle3
	trial 183: page = 2, input = mouseringsingle3
	trial 184: page = 2, input = mouseringsingle3
	trial 185: page = 2, input = mouseringsingle3
	trial 186: page = 5, input = mouseringsingle3
	trial 187: page = 5, input = mouseringsingle3
	trial 188: page = 5, input = mouseringsingle3
	trial 189: page = 5, input = mouseringsingle3
	trial 190: page = 5, input = mouseringsingle3
	trial 191: page = 9, input = mouseringsingle3
	trial 192: page = 9, input = mouseringsingle3
	trial 193: page = 9, input = mouseringsingle3
	trial 194: page = 9, input = mouseringsingle3
	trial 195: page = 9, input = mouseringsingle3
	trial 196: page = 8, input = mouseringsingle3
	trial 197: page = 8, input = mouseringsingle3
	trial 198: page = 8, input = mouseringsingle3
	trial 199: page = 8, input = mouseringsingle3
	trial 200: page = 8, input = mouseringsingle3
	trial 201: page = 3, input = airmouse2
	trial 202: page = 3, input = airmouse2
	trial 203: page = 3, input = airmouse2
	trial 204: page = 3, input = airmouse2
	trial 205: page = 3, input = airmouse2
	trial 206: page = 1, input = airmouse2
	trial 207: page = 1, input = airmouse2
	trial 208: page = 1, input = airmouse2
	trial 209: page = 1, input = airmouse2
	trial 210: page = 1, input = airmouse2
	trial 211: page = 6, input = airmouse2
	trial 212: page = 6, input = airmouse2
	trial 213: page = 6, input = airmouse2
	trial 214: page = 6, input = airmouse2
	trial 215: page = 6, input = airmouse2
	trial 216: page = 4, input = airmouse2
	trial 217: page = 4, input = airmouse2
	trial 218: page = 4, input = airmouse2
	trial 219: page = 4, input = airmouse2
	trial 220: page = 4, input = airmouse2
	trial 221: page = 7, input = airmouse2
	trial 222: page = 7, input = airmouse2
	trial 223: page = 7, input = airmouse2
	trial 224: page = 7, input = airmouse2
	trial 225: page = 7, input = airmouse2
	trial 226: page = 10, input = airmouse2
	trial 227: page = 10, input = airmouse2
	trial 228: page = 10, input = airmouse2
	trial 229: page = 10, input = airmouse2
	trial 230: page = 10, input = airmouse2
	trial 231: page = 2, input = airmouse2
	trial 232: page = 2, input = airmouse2
	trial 233: page = 2, input = airmouse2
	trial 234: page = 2, input = airmouse2
	trial 235: page = 2, input = airmouse2
	trial 236: page = 5, input = airmouse2
	trial 237: page = 5, input = airmouse2
	trial 238: page = 5, input = airmouse2
	trial 239: page = 5, input = airmouse2
	trial 240: page = 5, input = airmouse2
	trial 241: page = 9, input = airmouse2
	trial 242: page = 9, input = airmouse2
	trial 243: page = 9, input = airmouse2
	trial 244: page = 9, input = airmouse2
	trial 245: page = 9, input = airmouse2
	trial 246: page = 8, input = airmouse2
	trial 247: page = 8, input = airmouse2
	trial 248: page = 8, input = airmouse2
	trial 249: page = 8, input = airmouse2
	trial 250: page = 8, input = airmouse2
	trial 251: page = 3, input = touchpad1
	trial 252: page = 3, input = touchpad1
	trial 253: page = 3, input = touchpad1
	trial 254: page = 3, input = touchpad1
	trial 255: page = 3, input = touchpad1
	trial 256: page = 1, input = touchpad1
	trial 257: page = 1, input = touchpad1
	trial 258: page = 1, input = touchpad1
	trial 259: page = 1, input = touchpad1
	trial 260: page = 1, input = touchpad1
	trial 261: page = 6, input = touchpad1
	trial 262: page = 6, input = touchpad1
	trial 263: page = 6, input = touchpad1
	trial 264: page = 6, input = touchpad1
	trial 265: page = 6, input = touchpad1
	trial 266: page = 4, input = touchpad1
	trial 267: page = 4, input = touchpad1
	trial 268: page = 4, input = touchpad1
	trial 269: page = 4, input = touchpad1
	trial 270: page = 4, input = touchpad1
	trial 271: page = 7, input = touchpad1
	trial 272: page = 7, input = touchpad1
	trial 273: page = 7, input = touchpad1
	trial 274: page = 7, input = touchpad1
	trial 275: page = 7, input = touchpad1
	trial 276: page = 10, input = touchpad1
	trial 277: page = 10, input = touchpad1
	trial 278: page = 10, input = touchpad1
	trial 279: page = 10, input = touchpad1
	trial 280: page = 10, input = touchpad1
	trial 281: page = 2, input = touchpad1
	trial 282: page = 2, input = touchpad1
	trial 283: page = 2, input = touchpad1
	trial 284: page = 2, input = touchpad1
	trial 285: page = 2, input = touchpad1
	trial 286: page = 5, input = touchpad1
	trial 287: page = 5, input = touchpad1
	trial 288: page = 5, input = touchpad1
	trial 289: page = 5, input = touchpad1
	trial 290: page = 5, input = touchpad1
	trial 291: page = 9, input = touchpad1
	trial 292: page = 9, input = touchpad1
	trial 293: page = 9, input = touchpad1
	trial 294: page = 9, input = touchpad1
	trial 295: page = 9, input = touchpad1
	trial 296: page = 8, input = touchpad1
	trial 297: page = 8, input = touchpad1
	trial 298: page = 8, input = touchpad1
	trial 299: page = 8, input = touchpad1
	trial 300: page = 8, input = touchpad1
	trial 301: page = 3, input = mouseringsingle2
	trial 302: page = 3, input = mouseringsingle2
	trial 303: page = 3, input = mouseringsingle2
	trial 304: page = 3, input = mouseringsingle2
	trial 305: page = 3, input = mouseringsingle2
	trial 306: page = 1, input = mouseringsingle2
	trial 307: page = 1, input = mouseringsingle2
	trial 308: page = 1, input = mouseringsingle2
	trial 309: page = 1, input = mouseringsingle2
	trial 310: page = 1, input = mouseringsingle2
	trial 311: page = 6, input = mouseringsingle2
	trial 312: page = 6, input = mouseringsingle2
	trial 313: page = 6, input = mouseringsingle2
	trial 314: page = 6, input = mouseringsingle2
	trial 315: page = 6, input = mouseringsingle2
	trial 316: page = 4, input = mouseringsingle2
	trial 317: page = 4, input = mouseringsingle2
	trial 318: page = 4, input = mouseringsingle2
	trial 319: page = 4, input = mouseringsingle2
	trial 320: page = 4, input = mouseringsingle2
	trial 321: page = 7, input = mouseringsingle2
	trial 322: page = 7, input = mouseringsingle2
	trial 323: page = 7, input = mouseringsingle2
	trial 324: page = 7, input = mouseringsingle2
	trial 325: page = 7, input = mouseringsingle2
	trial 326: page = 10, input = mouseringsingle2
	trial 327: page = 10, input = mouseringsingle2
	trial 328: page = 10, input = mouseringsingle2
	trial 329: page = 10, input = mouseringsingle2
	trial 330: page = 10, input = mouseringsingle2
	trial 331: page = 2, input = mouseringsingle2
	trial 332: page = 2, input = mouseringsingle2
	trial 333: page = 2, input = mouseringsingle2
	trial 334: page = 2, input = mouseringsingle2
	trial 335: page = 2, input = mouseringsingle2
	trial 336: page = 5, input = mouseringsingle2
	trial 337: page = 5, input = mouseringsingle2
	trial 338: page = 5, input = mouseringsingle2
	trial 339: page = 5, input = mouseringsingle2
	trial 340: page = 5, input = mouseringsingle2
	trial 341: page = 9, input = mouseringsingle2
	trial 342: page = 9, input = mouseringsingle2
	trial 343: page = 9, input = mouseringsingle2
	trial 344: page = 9, input = mouseringsingle2
	trial 345: page = 9, input = mouseringsingle2
	trial 346: page = 8, input = mouseringsingle2
	trial 347: page = 8, input = mouseringsingle2
	trial 348: page = 8, input = mouseringsingle2
	trial 349: page = 8, input = mouseringsingle2
	trial 350: page = 8, input = mouseringsingle2
	trial 351: page = 3, input = mouseringdouble4
	trial 352: page = 3, input = mouseringdouble4
	trial 353: page = 3, input = mouseringdouble4
	trial 354: page = 3, input = mouseringdouble4
	trial 355: page = 3, input = mouseringdouble4
	trial 356: page = 1, input = mouseringdouble4
	trial 357: page = 1, input = mouseringdouble4
	trial 358: page = 1, input = mouseringdouble4
	trial 359: page = 1, input = mouseringdouble4
	trial 360: page = 1, input = mouseringdouble4
	trial 361: page = 6, input = mouseringdouble4
	trial 362: page = 6, input = mouseringdouble4
	trial 363: page = 6, input = mouseringdouble4
	trial 364: page = 6, input = mouseringdouble4
	trial 365: page = 6, input = mouseringdouble4
	trial 366: page = 4, input = mouseringdouble4
	trial 367: page = 4, input = mouseringdouble4
	trial 368: page = 4, input = mouseringdouble4
	trial 369: page = 4, input = mouseringdouble4
	trial 370: page = 4, input = mouseringdouble4
	trial 371: page = 7, input = mouseringdouble4
	trial 372: page = 7, input = mouseringdouble4
	trial 373: page = 7, input = mouseringdouble4
	trial 374: page = 7, input = mouseringdouble4
	trial 375: page = 7, input = mouseringdouble4
	trial 376: page = 10, input = mouseringdouble4
	trial 377: page = 10, input = mouseringdouble4
	trial 378: page = 10, input = mouseringdouble4
	trial 379: page = 10, input = mouseringdouble4
	trial 380: page = 10, input = mouseringdouble4
	trial 381: page = 2, input = mouseringdouble4
	trial 382: page = 2, input = mouseringdouble4
	trial 383: page = 2, input = mouseringdouble4
	trial 384: page = 2, input = mouseringdouble4
	trial 385: page = 2, input = mouseringdouble4
	trial 386: page = 5, input = mouseringdouble4
	trial 387: page = 5, input = mouseringdouble4
	trial 388: page = 5, input = mouseringdouble4
	trial 389: page = 5, input = mouseringdouble4
	trial 390: page = 5, input = mouseringdouble4
	trial 391: page = 9, input = mouseringdouble4
	trial 392: page = 9, input = mouseringdouble4
	trial 393: page = 9, input = mouseringdouble4
	trial 394: page = 9, input = mouseringdouble4
	trial 395: page = 9, input = mouseringdouble4
	trial 396: page = 8, input = mouseringdouble4
	trial 397: page = 8, input = mouseringdouble4
	trial 398: page = 8, input = mouseringdouble4
	trial 399: page = 8, input = mouseringdouble4
	trial 400: page = 8, input = mouseringdouble4
	trial 401: page = 3, input = mouseringdouble2
	trial 402: page = 3, input = mouseringdouble2
	trial 403: page = 3, input = mouseringdouble2
	trial 404: page = 3, input = mouseringdouble2
	trial 405: page = 3, input = mouseringdouble2
	trial 406: page = 1, input = mouseringdouble2
	trial 407: page = 1, input = mouseringdouble2
	trial 408: page = 1, input = mouseringdouble2
	trial 409: page = 1, input = mouseringdouble2
	trial 410: page = 1, input = mouseringdouble2
	trial 411: page = 6, input = mouseringdouble2
	trial 412: page = 6, input = mouseringdouble2
	trial 413: page = 6, input = mouseringdouble2
	trial 414: page = 6, input = mouseringdouble2
	trial 415: page = 6, input = mouseringdouble2
	trial 416: page = 4, input = mouseringdouble2
	trial 417: page = 4, input = mouseringdouble2
	trial 418: page = 4, input = mouseringdouble2
	trial 419: page = 4, input = mouseringdouble2
	trial 420: page = 4, input = mouseringdouble2
	trial 421: page = 7, input = mouseringdouble2
	trial 422: page = 7, input = mouseringdouble2
	trial 423: page = 7, input = mouseringdouble2
	trial 424: page = 7, input = mouseringdouble2
	trial 425: page = 7, input = mouseringdouble2
	trial 426: page = 10, input = mouseringdouble2
	trial 427: page = 10, input = mouseringdouble2
	trial 428: page = 10, input = mouseringdouble2
	trial 429: page = 10, input = mouseringdouble2
	trial 430: page = 10, input = mouseringdouble2
	trial 431: page = 2, input = mouseringdouble2
	trial 432: page = 2, input = mouseringdouble2
	trial 433: page = 2, input = mouseringdouble2
	trial 434: page = 2, input = mouseringdouble2
	trial 435: page = 2, input = mouseringdouble2
	trial 436: page = 5, input = mouseringdouble2
	trial 437: page = 5, input = mouseringdouble2
	trial 438: page = 5, input = mouseringdouble2
	trial 439: page = 5, input = mouseringdouble2
	trial 440: page = 5, input = mouseringdouble2
	trial 441: page = 9, input = mouseringdouble2
	trial 442: page = 9, input = mouseringdouble2
	trial 443: page = 9, input = mouseringdouble2
	trial 444: page = 9, input = mouseringdouble2
	trial 445: page = 9, input = mouseringdouble2
	trial 446: page = 8, input = mouseringdouble2
	trial 447: page = 8, input = mouseringdouble2
	trial 448: page = 8, input = mouseringdouble2
	trial 449: page = 8, input = mouseringdouble2
	trial 450: page = 8, input = mouseringdouble2
	trial 451: page = 3, input = mouseringsingle1
	trial 452: page = 3, input = mouseringsingle1
	trial 453: page = 3, input = mouseringsingle1
	trial 454: page = 3, input = mouseringsingle1
	trial 455: page = 3, input = mouseringsingle1
	trial 456: page = 1, input = mouseringsingle1
	trial 457: page = 1, input = mouseringsingle1
	trial 458: page = 1, input = mouseringsingle1
	trial 459: page = 1, input = mouseringsingle1
	trial 460: page = 1, input = mouseringsingle1
	trial 461: page = 6, input = mouseringsingle1
	trial 462: page = 6, input = mouseringsingle1
	trial 463: page = 6, input = mouseringsingle1
	trial 464: page = 6, input = mouseringsingle1
	trial 465: page = 6, input = mouseringsingle1
	trial 466: page = 4, input = mouseringsingle1
	trial 467: page = 4, input = mouseringsingle1
	trial 468: page = 4, input = mouseringsingle1
	trial 469: page = 4, input = mouseringsingle1
	trial 470: page = 4, input = mouseringsingle1
	trial 471: page = 7, input = mouseringsingle1
	trial 472: page = 7, input = mouseringsingle1
	trial 473: page = 7, input = mouseringsingle1
	trial 474: page = 7, input = mouseringsingle1
	trial 475: page = 7, input = mouseringsingle1
	trial 476: page = 10, input = mouseringsingle1
	trial 477: page = 10, input = mouseringsingle1
	trial 478: page = 10, input = mouseringsingle1
	trial 479: page = 10, input = mouseringsingle1
	trial 480: page = 10, input = mouseringsingle1
	trial 481: page = 2, input = mouseringsingle1
	trial 482: page = 2, input = mouseringsingle1
	trial 483: page = 2, input = mouseringsingle1
	trial 484: page = 2, input = mouseringsingle1
	trial 485: page = 2, input = mouseringsingle1
	trial 486: page = 5, input = mouseringsingle1
	trial 487: page = 5, input = mouseringsingle1
	trial 488: page = 5, input = mouseringsingle1
	trial 489: page = 5, input = mouseringsingle1
	trial 490: page = 5, input = mouseringsingle1
	trial 491: page = 9, input = mouseringsingle1
	trial 492: page = 9, input = mouseringsingle1
	trial 493: page = 9, input = mouseringsingle1
	trial 494: page = 9, input = mouseringsingle1
	trial 495: page = 9, input = mouseringsingle1
	trial 496: page = 8, input = mouseringsingle1
	trial 497: page = 8, input = mouseringsingle1
	trial 498: page = 8, input = mouseringsingle1
	trial 499: page = 8, input = mouseringsingle1
	trial 500: page = 8, input = mouseringsingle1
	trial 501: page = 3, input = airmouse1
	trial 502: page = 3, input = airmouse1
	trial 503: page = 3, input = airmouse1
	trial 504: page = 3, input = airmouse1
	trial 505: page = 3, input = airmouse1
	trial 506: page = 1, input = airmouse1
	trial 507: page = 1, input = airmouse1
	trial 508: page = 1, input = airmouse1
	trial 509: page = 1, input = airmouse1
	trial 510: page = 1, input = airmouse1
	trial 511: page = 6, input = airmouse1
	trial 512: page = 6, input = airmouse1
	trial 513: page = 6, input = airmouse1
	trial 514: page = 6, input = airmouse1
	trial 515: page = 6, input = airmouse1
	trial 516: page = 4, input = airmouse1
	trial 517: page = 4, input = airmouse1
	trial 518: page = 4, input = airmouse1
	trial 519: page = 4, input = airmouse1
	trial 520: page = 4, input = airmouse1
	trial 521: page = 7, input = airmouse1
	trial 522: page = 7, input = airmouse1
	trial 523: page = 7, input = airmouse1
	trial 524: page = 7, input = airmouse1
	trial 525: page = 7, input = airmouse1
	trial 526: page = 10, input = airmouse1
	trial 527: page = 10, input = airmouse1
	trial 528: page = 10, input = airmouse1
	trial 529: page = 10, input = airmouse1
	trial 530: page = 10, input = airmouse1
	trial 531: page = 2, input = airmouse1
	trial 532: page = 2, input = airmouse1
	trial 533: page = 2, input = airmouse1
	trial 534: page = 2, input = airmouse1
	trial 535: page = 2, input = airmouse1
	trial 536: page = 5, input = airmouse1
	trial 537: page = 5, input = airmouse1
	trial 538: page = 5, input = airmouse1
	trial 539: page = 5, input = airmouse1
	trial 540: page = 5, input = airmouse1
	trial 541: page = 9, input = airmouse1
	trial 542: page = 9, input = airmouse1
	trial 543: page = 9, input = airmouse1
	trial 544: page = 9, input = airmouse1
	trial 545: page = 9, input = airmouse1
	trial 546: page = 8, input = airmouse1
	trial 547: page = 8, input = airmouse1
	trial 548: page = 8, input = airmouse1
	trial 549: page = 8, input = airmouse1
	trial 550: page = 8, input = airmouse1
	trial 551: page = 3, input = mouseringsingle4
	trial 552: page = 3, input = mouseringsingle4
	trial 553: page = 3, input = mouseringsingle4
	trial 554: page = 3, input = mouseringsingle4
	trial 555: page = 3, input = mouseringsingle4
	trial 556: page = 1, input = mouseringsingle4
	trial 557: page = 1, input = mouseringsingle4
	trial 558: page = 1, input = mouseringsingle4
	trial 559: page = 1, input = mouseringsingle4
	trial 560: page = 1, input = mouseringsingle4
	trial 561: page = 6, input = mouseringsingle4
	trial 562: page = 6, input = mouseringsingle4
	trial 563: page = 6, input = mouseringsingle4
	trial 564: page = 6, input = mouseringsingle4
	trial 565: page = 6, input = mouseringsingle4
	trial 566: page = 4, input = mouseringsingle4
	trial 567: page = 4, input = mouseringsingle4
	trial 568: page = 4, input = mouseringsingle4
	trial 569: page = 4, input = mouseringsingle4
	trial 570: page = 4, input = mouseringsingle4
	trial 571: page = 7, input = mouseringsingle4
	trial 572: page = 7, input = mouseringsingle4
	trial 573: page = 7, input = mouseringsingle4
	trial 574: page = 7, input = mouseringsingle4
	trial 575: page = 7, input = mouseringsingle4
	trial 576: page = 10, input = mouseringsingle4
	trial 577: page = 10, input = mouseringsingle4
	trial 578: page = 10, input = mouseringsingle4
	trial 579: page = 10, input = mouseringsingle4
	trial 580: page = 10, input = mouseringsingle4
	trial 581: page = 2, input = mouseringsingle4
	trial 582: page = 2, input = mouseringsingle4
	trial 583: page = 2, input = mouseringsingle4
	trial 584: page = 2, input = mouseringsingle4
	trial 585: page = 2, input = mouseringsingle4
	trial 586: page = 5, input = mouseringsingle4
	trial 587: page = 5, input = mouseringsingle4
	trial 588: page = 5, input = mouseringsingle4
	trial 589: page = 5, input = mouseringsingle4
	trial 590: page = 5, input = mouseringsingle4
	trial 591: page = 9, input = mouseringsingle4
	trial 592: page = 9, input = mouseringsingle4
	trial 593: page = 9, input = mouseringsingle4
	trial 594: page = 9, input = mouseringsingle4
	trial 595: page = 9, input = mouseringsingle4
	trial 596: page = 8, input = mouseringsingle4
	trial 597: page = 8, input = mouseringsingle4
	trial 598: page = 8, input = mouseringsingle4
	trial 599: page = 8, input = mouseringsingle4
	trial 600: page = 8, input = mouseringsingle4
 

***ASSIGNMENT***

    pid  plan
0     1     3
1     2    11
2     3     5
3     4     6
4     5     8
5     6    10
6     7     4
7     8     7
8     9     1
9    10     0
10   11     2
11   12     9
